V1,date
20230114/20230114_1500/20230114_155810.286.1.png,2023-01-14T15:58:00Z
20230114/20230114_1500/20230114_155822.387.2.png,2023-01-14T15:58:00Z
20230114/20230114_1500/20230114_155824.183.3.png,2023-01-14T15:58:00Z
20230114/20230114_1500/20230114_155838.283.0.png,2023-01-14T15:58:00Z
20230114/20230114_1500/20230114_155843.782.3.png,2023-01-14T15:58:00Z
20230114/20230114_1500/20230114_155850.384.2.png,2023-01-14T15:58:00Z
20230114/20230114_1500/20230114_155856.183.2.png,2023-01-14T15:58:00Z
20230114/20230114_1500/20230114_155904.882.1.png,2023-01-14T15:59:00Z
20230114/20230114_1500/20230114_155909.182.0.png,2023-01-14T15:59:00Z
20230114/20230114_1500/20230114_155923.483.2.png,2023-01-14T15:59:00Z
20230114/20230114_1500/20230114_155925.182.2.png,2023-01-14T15:59:00Z
20230114/20230114_1500/20230114_155950.084.3.png,2023-01-14T15:59:00Z
20230114/20230114_1600/20230114_160054.183.1.png,2023-01-14T16:00:00Z
20230114/20230114_1600/20230114_160107.084.4.png,2023-01-14T16:01:00Z
20230114/20230114_1600/20230114_160132.983.2.png,2023-01-14T16:01:00Z
20230114/20230114_1700/20230114_170456.035.0.png,2023-01-14T17:04:00Z
20230114/20230114_1700/20230114_170501.234.3.png,2023-01-14T17:05:00Z
20230114/20230114_1700/20230114_170659.936.0.png,2023-01-14T17:06:00Z
20230114/20230114_1700/20230114_170716.835.2.png,2023-01-14T17:07:00Z
20230114/20230114_1700/20230114_170748.642.1.png,2023-01-14T17:07:00Z
20230114/20230114_1700/20230114_170848.235.2.png,2023-01-14T17:08:00Z
20230114/20230114_1700/20230114_171022.234.1.png,2023-01-14T17:10:00Z
20230114/20230114_1800/20230114_181128.510.2.png,2023-01-14T18:11:00Z
20230114/20230114_1800/20230114_181222.311.1.png,2023-01-14T18:12:00Z
20230304/20230304_1500/20230304_154035.898.2.png,2023-03-04T15:40:00Z
20230304/20230304_1500/20230304_154058.394.7.png,2023-03-04T15:40:00Z
20230304/20230304_1500/20230304_154122.495.6.png,2023-03-04T15:41:00Z
20230304/20230304_1500/20230304_154143.400.2.png,2023-03-04T15:41:00Z
20230304/20230304_1500/20230304_154314.695.0.png,2023-03-04T15:43:00Z
20230305/20230305_0300/20230305_033845.593.1.png,2023-03-05T03:38:00Z
20230306/20230306_2200/20230306_225217.321.0.png,2023-03-06T22:52:00Z
20230307/20230307_0100/20230307_014239.474.0.png,2023-03-07T01:42:00Z
20230307/20230307_0100/20230307_014708.579.0.png,2023-03-07T01:47:00Z
20230307/20230307_0100/20230307_014759.180.0.png,2023-03-07T01:47:00Z
20230307/20230307_0200/20230307_025432.571.0.png,2023-03-07T02:54:00Z
20230307/20230307_0200/20230307_025449.272.0.png,2023-03-07T02:54:00Z
20230307/20230307_0200/20230307_025555.766.0.png,2023-03-07T02:55:00Z
20230307/20230307_0400/20230307_043636.843.0.png,2023-03-07T04:36:00Z
20230307/20230307_0800/20230307_084501.663.0.png,2023-03-07T08:45:00Z
20230307/20230307_0800/20230307_084557.658.0.png,2023-03-07T08:45:00Z
20230307/20230307_0900/20230307_090930.368.0.png,2023-03-07T09:09:00Z
20230307/20230307_0900/20230307_091026.369.0.png,2023-03-07T09:10:00Z
20230307/20230307_0900/20230307_091026.668.2.png,2023-03-07T09:10:00Z
20230307/20230307_0900/20230307_091041.165.0.png,2023-03-07T09:10:00Z
20230307/20230307_0900/20230307_091042.765.2.png,2023-03-07T09:10:00Z
20230307/20230307_0900/20230307_091053.367.1.png,2023-03-07T09:10:00Z
20230307/20230307_0900/20230307_091140.975.0.png,2023-03-07T09:11:00Z
20230307/20230307_0900/20230307_091157.169.1.png,2023-03-07T09:11:00Z
20230307/20230307_0900/20230307_094952.956.0.png,2023-03-07T09:49:00Z
20230307/20230307_1000/20230307_103533.922.0.png,2023-03-07T10:35:00Z
20230307/20230307_1000/20230307_103541.024.0.png,2023-03-07T10:35:00Z
20230307/20230307_1000/20230307_103807.823.0.png,2023-03-07T10:38:00Z
20230307/20230307_1000/20230307_103829.528.0.png,2023-03-07T10:38:00Z
20230307/20230307_1000/20230307_103833.624.0.png,2023-03-07T10:38:00Z
20230307/20230307_1100/20230307_113827.880.0.png,2023-03-07T11:38:00Z
20230307/20230307_1100/20230307_113847.978.0.png,2023-03-07T11:38:00Z
20230307/20230307_1100/20230307_113904.685.0.png,2023-03-07T11:39:00Z
20230307/20230307_1100/20230307_113913.581.0.png,2023-03-07T11:39:00Z
20230307/20230307_1100/20230307_113922.786.0.png,2023-03-07T11:39:00Z
20230307/20230307_1100/20230307_114011.185.0.png,2023-03-07T11:40:00Z
20230307/20230307_1100/20230307_114023.678.0.png,2023-03-07T11:40:00Z
20230307/20230307_1100/20230307_114052.181.0.png,2023-03-07T11:40:00Z
20230307/20230307_1100/20230307_114133.083.0.png,2023-03-07T11:41:00Z
20230307/20230307_1200/20230307_124110.089.0.png,2023-03-07T12:41:00Z
20230307/20230307_1200/20230307_124136.387.0.png,2023-03-07T12:41:00Z
20230307/20230307_1200/20230307_124316.530.0.png,2023-03-07T12:43:00Z
20230307/20230307_1200/20230307_124316.631.0.png,2023-03-07T12:43:00Z
20230307/20230307_1200/20230307_124423.834.0.png,2023-03-07T12:44:00Z
20230307/20230307_1200/20230307_124437.826.0.png,2023-03-07T12:44:00Z
20230307/20230307_1200/20230307_124459.138.1.png,2023-03-07T12:44:00Z
20230307/20230307_1300/20230307_134938.322.0.png,2023-03-07T13:49:00Z
20230307/20230307_1300/20230307_134948.236.0.png,2023-03-07T13:49:00Z
20230307/20230307_1300/20230307_135220.755.0.png,2023-03-07T13:52:00Z
