rownumber,cruise_id,station_name,station,line_id,date_time,*collection_date,collection_time,decimalLongitude,decimalLatitude,size_frac_um,split_size,tow_time_min,flowmeter_in,flowmeter_out,flowmeter_diff,inpeller_constant,distance_m,net_size,net_area,tow_speed,filt_volume,conc_volume,notes,processed,process_date
1,WS15208,Molasses Reef,MR,,2015-07-27T22:00:00Z,7/27/15,22:00:00,-80.38,25.01,200,0.5,7.6,0,959.5,959.5,0.245,235.1,0.5,0.20,0.52,46.2,,,,
2,WS15208,Molasses Reef,MR,,2015-07-27T22:00:00Z,7/27/15,22:00:00,-80.38,25.01,500,0.5,7.6,0,959.5,959.5,0.245,235.1,0.5,0.20,0.52,46.2,,,,
3,WS15208,Molasses Reef,MR,,2015-07-27T22:11:00Z,7/27/15,22:11:00,-80.38,25.01,64,0.25,5.5,0,270.5,270.5,0.245,66.3,0.6,0.28,0.20,18.7,,,,
4,WS15208,Western Sambo,WS,,2015-07-28T00:07:00Z,7/28/15,0:07:00,-81.717,24.478,64,0.25,5.5,20000,20806.3,806.3,0.245,197.5,0.6,0.28,0.60,55.9,,,,
5,WS15208,Looe Key (deep),LK,,2015-07-28T19:23:00Z,7/28/15,19:23:00,-81.413,24.538,200,0.5,6.4,0,1004.3,1004.3,0.245,246.1,0.5,0.20,0.64,48.3,,,,
6,WS15208,Looe Key (deep),LK,,2015-07-28T19:23:00Z,7/28/15,19:23:00,-81.413,24.538,500,0.5,6.4,0,1004.3,1004.3,0.245,246.1,0.5,0.20,0.64,48.3,,,,
7,WS15208,Looe Key (deep),LK,,2015-07-28T19:52:00Z,7/28/15,19:52:00,-81.413,24.538,64,0.25,4.6,0,449.3,449.3,0.245,110.1,0.6,0.28,0.40,31.1,,Lost 5% of sample during washdown,,
8,WS15208,Western Sambo,WS,,2015-07-28T23:57:00Z,7/28/15,23:57:00,-81.717,24.478,200,0.5,6.0,4.7,100,95.3,0.245,23.3,0.5,0.20,0.06,4.6,,Issue with flowmeter here - had trouble resetting properly,,
9,WS15208,Western Sambo,WS,,2015-07-28T23:57:00Z,7/28/15,23:57:00,-81.717,24.478,500,0.5,6.0,4.7,100,95.3,0.245,23.3,0.5,0.20,0.06,4.6,,Issue with flowmeter here - had trouble resetting properly,,
10,WS15264,Molasses Reef,MR,,2015-09-21T09:43:00Z,9/21/15,9:43:00,-80.38,25.01,64,0.25,4.1,42839.3,42999.9,160.6,0.245,39.3,0.6,0.28,0.16,11.1,,,,
11,WS15264,Molasses Reef,MR,,2015-09-21T09:50:00Z,9/21/15,9:50:00,-80.38,25.01,200,0.5,4.8,1001,2001,1000,0.245,245.0,0.5,0.20,0.85,48.1,,,,
12,WS15264,Molasses Reef,MR,,2015-09-21T09:50:00Z,9/21/15,9:50:00,-80.38,25.01,500,0.5,4.8,1001,2001,1000,0.245,245.0,0.5,0.20,0.85,48.1,,,,
13,WS15264,Looe Key (deep),LK,,2015-09-22T12:15:00Z,9/22/15,12:15:00,-81.413,24.538,200,0.5,6.2,1.8,152.5,150.7,0.245,36.9,0.5,0.20,0.10,7.2,,,,
14,WS15264,Looe Key (deep),LK,,2015-09-22T12:15:00Z,9/22/15,12:15:00,-81.413,24.538,500,0.5,6.2,1.8,152.5,150.7,0.245,36.9,0.5,0.20,0.10,7.2,,,,
15,WS15264,Looe Key (deep),LK,,2015-09-22T12:25:00Z,9/22/15,12:25:00,-81.413,24.538,64,0.25,5.7,3.9,563.4,559.5,0.245,137.1,0.6,0.28,0.40,38.8,,,,
16,WS15264,Western Sambo,WS,,2015-09-22T15:33:00Z,9/22/15,15:33:00,-81.717,24.478,200,0.5,5.9,152.6,212.8,60.2,0.245,14.7,0.5,0.20,0.04,2.9,,,,
17,WS15264,Western Sambo,WS,,2015-09-22T15:33:00Z,9/22/15,15:33:00,-81.717,24.478,500,0.5,5.9,152.6,212.8,60.2,0.245,14.7,0.5,0.20,0.04,2.9,,,,
18,WS15264,Western Sambo,WS,,2015-09-22T15:45:00Z,9/22/15,15:45:00,-81.717,24.478,64,0.25,4.5,563.4,1098,534.6,0.245,131.0,0.6,0.28,0.49,37.0,,,,
19,WS15320,Molasses Reef,MR,,2015-11-16T21:45:00Z,11/16/15,21:45:00,-80.38,25.01,200,0.5,5.0,0,200.9,200.9,0.245,49.2,0.5,0.20,0.16,9.7,,,,
20,WS15320,Molasses Reef,MR,,2015-11-16T21:45:00Z,11/16/15,21:45:00,-80.38,25.01,500,0.5,5.0,0,200.9,200.9,0.245,49.2,0.5,0.20,0.16,9.7,,,,
21,WS15320,Molasses Reef,MR,,2015-11-16T21:55:00Z,11/16/15,21:55:00,-80.38,25.01,64,0.25,5.0,0,481.4,481.4,0.245,117.9,0.6,0.28,0.39,33.3,,,,
22,WS15320,Looe Key (deep),LK,,2015-11-17T10:42:00Z,11/17/15,10:42:00,-81.413,24.538,64,0.25,5.0,0,726.6,726.6,0.245,178.0,0.6,0.28,0.59,50.3,,,,
23,WS15320,Looe Key (deep),LK,,2015-11-17T10:51:00Z,11/17/15,10:51:00,-81.413,24.538,200,0.5,5.0,0,994.3,994.3,0.245,243.6,0.5,0.20,0.81,47.8,,,,
24,WS15320,Looe Key (deep),LK,,2015-11-17T10:51:00Z,11/17/15,10:51:00,-81.413,24.538,500,0.5,5.0,0,994.3,994.3,0.245,243.6,0.5,0.20,0.81,47.8,,,,
25,WS15320,Western Sambo,WS,,2015-11-17T13:15:00Z,11/17/15,13:15:00,-81.717,24.478,200,0.5,5.0,0,1009.9,1009.9,0.245,247.4,0.5,0.20,0.82,48.6,,,,
26,WS15320,Western Sambo,WS,,2015-11-17T13:15:00Z,11/17/15,13:15:00,-81.717,24.478,500,0.5,5.0,0,1009.9,1009.9,0.245,247.4,0.5,0.20,0.82,48.6,,,,
27,WS15320,Western Sambo,WS,,2015-11-17T13:24:00Z,11/17/15,13:24:00,-81.717,24.478,64,0.25,5.0,0,1110.6,1110.6,0.245,272.1,0.6,0.28,0.91,76.9,,,,
28,WS16004,Molasses Reef,MR,,2016-01-04T21:09:00Z,1/4/16,21:09:00,-80.38,25.01,200,0.5,5.0,0,729.7,729.7,0.245,178.8,0.5,0.20,0.60,35.1,,,,
29,WS16004,Molasses Reef,MR,,2016-01-04T21:09:00Z,1/4/16,21:09:00,-80.38,25.01,500,0.5,5.0,0,729.7,729.7,0.245,178.8,0.5,0.20,0.60,35.1,,,,
30,WS16004,Molasses Reef,MR,,2016-01-04T21:13:00Z,1/4/16,21:13:00,-80.38,25.01,64,0.25,5.0,0,530.4,530.4,0.245,129.9,0.6,0.28,0.43,36.7,,,,
31,WS16004,Looe Key (deep),LK,,2016-01-05T11:18:00Z,1/5/16,11:18:00,-81.413,24.538,200,0.5,5.0,0,675.2,675.2,0.245,165.4,0.5,0.20,0.55,32.5,,,,
32,WS16004,Looe Key (deep),LK,,2016-01-05T11:18:00Z,1/5/16,11:18:00,-81.413,24.538,500,0.5,5.0,0,675.2,675.2,0.245,165.4,0.5,0.20,0.55,32.5,,,,
33,WS16004,Looe Key (deep),LK,,2016-01-05T11:27:00Z,1/5/16,11:27:00,-81.413,24.538,64,0.25,6.0,0,101.9,101.9,0.245,25.0,0.6,0.28,0.07,7.1,,flow meter might have been stuck,,
34,WS16004,Western Sambo,WS,,2016-01-05T15:00:00Z,1/5/16,15:00:00,-81.717,24.478,200,0.5,5.0,0,100.9,100.9,0.245,24.7,0.5,0.20,0.08,4.9,,"yes, flow meter stuck",,
35,WS16004,Western Sambo,WS,,2016-01-05T15:00:00Z,1/5/16,15:00:00,-81.717,24.478,500,0.5,5.0,0,100.9,100.9,0.245,24.7,0.5,0.20,0.08,4.9,,"yes, flow meter stuck",,
36,WS16004,Western Sambo,WS,,2016-01-05T15:06:00Z,1/5/16,15:06:00,-81.717,24.478,64,0.25,5.0,0,817.2,817.2,0.245,200.2,0.6,0.28,0.67,56.6,,,,
37,WS16074,Molasses Reef,MR,,2016-03-14T21:15:00Z,3/14/16,21:15:00,-80.38,25.01,200,,5.5,0,100.5,100.5,0.245,24.6,0.5,0.20,0.07,4.8,,,,
38,WS16074,Molasses Reef,MR,,2016-03-14T21:15:00Z,3/14/16,21:15:00,-80.38,25.01,500,,5.5,0,100.5,100.5,0.245,24.6,0.5,0.20,0.07,4.8,,,,
39,WS16074,Molasses Reef,MR,,2016-03-14T21:50:00Z,3/14/16,21:50:00,-80.38,25.01,200,,5.0,0,155,155,0.245,38.0,0.5,0.20,0.13,7.5,,,,
40,WS16074,Molasses Reef,MR,,2016-03-14T21:50:00Z,3/14/16,21:50:00,-80.38,25.01,500,,5.0,0,155,155,0.245,38.0,0.5,0.20,0.13,7.5,,,,
41,WS16074,Molasses Reef,MR,,2016-03-14T22:10:00Z,3/14/16,22:10:00,-80.38,25.01,200,,5.0,0,1142.2,1142.2,0.245,279.8,0.5,0.20,0.93,54.9,,,,
42,WS16074,Molasses Reef,MR,,2016-03-14T22:10:00Z,3/14/16,22:10:00,-80.38,25.01,500,,5.0,0,1142.2,1142.2,0.245,279.8,0.5,0.20,0.93,54.9,,,,
43,WS16074,Molasses Reef,MR,,2016-03-14T22:20:00Z,3/14/16,22:20:00,-80.38,25.01,64,,3.0,0,105.9,105.9,0.245,25.9,0.6,0.28,0.14,7.3,,,,
44,WS16074,Molasses Reef,MR,,2016-03-14T22:26:00Z,3/14/16,22:26:00,-80.38,25.01,64,,3.0,0,135.5,135.5,0.245,33.2,0.6,0.28,0.18,9.4,,,,
45,WS16074,Molasses Reef,MR,,2016-03-14T22:33:00Z,3/14/16,22:33:00,-80.38,25.01,64,,5.0,0,177.3,177.3,0.245,43.4,0.6,0.28,0.14,12.3,,,,
46,WS16074,Looe Key (deep),LK,,2016-03-15T12:30:00Z,3/15/16,12:30:00,-81.413,24.538,64,,3.0,0,121.9,121.9,0.245,29.9,0.6,0.28,0.17,8.4,,,,
47,WS16074,Looe Key (deep),LK,,2016-03-15T12:36:00Z,3/15/16,12:36:00,-81.413,24.538,200,,5.0,0,99.9,99.9,0.245,24.5,0.5,0.20,0.08,4.8,,,,
48,WS16074,Looe Key (deep),LK,,2016-03-15T12:36:00Z,3/15/16,12:36:00,-81.413,24.538,500,,5.0,0,99.9,99.9,0.245,24.5,0.5,0.20,0.08,4.8,,,,
49,WS16074,Looe Key (deep),LK,,2016-03-15T12:42:00Z,3/15/16,12:42:00,-81.413,24.538,64,,5.0,0,168.6,168.6,0.245,41.3,0.6,0.28,0.14,11.7,,,,
50,WS16074,Looe Key (deep),LK,,2016-03-15T12:49:00Z,3/15/16,12:49:00,-81.413,24.538,200,,5.0,0,99.9,99.9,0.245,24.5,0.5,0.20,0.08,4.8,,,,
51,WS16074,Looe Key (deep),LK,,2016-03-15T12:49:00Z,3/15/16,12:49:00,-81.413,24.538,500,,5.0,0,99.9,99.9,0.245,24.5,0.5,0.20,0.08,4.8,,,,
52,WS16074,Looe Key (deep),LK,,2016-03-15T12:56:00Z,3/15/16,12:56:00,-81.413,24.538,64,,5.0,0,204.3,204.3,0.245,50.1,0.6,0.28,0.17,14.2,,,,
53,WS16074,Looe Key (deep),LK,,2016-03-15T13:02:00Z,3/15/16,13:02:00,-81.413,24.538,200,,5.0,11111.1,11169.4,58.3,0.245,14.3,0.5,0.20,0.05,2.8,,,,
54,WS16074,Looe Key (deep),LK,,2016-03-15T13:02:00Z,3/15/16,13:02:00,-81.413,24.538,500,,5.0,11111.1,11169.4,58.3,0.245,14.3,0.5,0.20,0.05,2.8,,,,
55,WS16074,Western Sambo,WS,,2016-03-15T13:36:00Z,3/15/16,13:36:00,-81.717,24.478,200,,5.0,11189.2,11196.6,7.4,0.245,1.8,0.5,0.20,0.01,0.4,,,,
56,WS16074,Western Sambo,WS,,2016-03-15T13:36:00Z,3/15/16,13:36:00,-81.717,24.478,500,,5.0,11189.2,11196.6,7.4,0.245,1.8,0.5,0.20,0.01,0.4,,,,
57,WS16074,Western Sambo,WS,,2016-03-15T14:20:00Z,3/15/16,14:20:00,-81.717,24.478,64,,3.0,2.6,34.6,32,0.245,7.8,0.6,0.28,0.04,2.2,,,,
58,WS16074,Western Sambo,WS,,2016-03-15T14:26:00Z,3/15/16,14:26:00,-81.717,24.478,200,,5.0,11169.4,11189.2,19.8,0.245,4.9,0.5,0.20,0.02,1.0,,,,
59,WS16074,Western Sambo,WS,,2016-03-15T14:26:00Z,3/15/16,14:26:00,-81.717,24.478,500,,5.0,11169.4,11189.2,19.8,0.245,4.9,0.5,0.20,0.02,1.0,,,,
60,WS16074,Western Sambo,WS,,2016-03-15T14:31:00Z,3/15/16,14:31:00,-81.717,24.478,64,,4.5,0,94.1,94.1,0.245,23.1,0.6,0.28,0.09,6.5,,,,
61,WS16074,Western Sambo,WS,,2016-03-15T14:40:00Z,3/15/16,14:40:00,-81.717,24.478,64,,3.0,0,40.1,40.1,0.245,9.8,0.6,0.28,0.05,2.8,,,,
62,WS16074,Western Sambo,WS,,2016-03-15T14:50:00Z,3/15/16,14:50:00,-81.717,24.478,200,,5.0,11196.6,11200,3.4,0.245,0.8,0.5,0.20,0.00,0.2,,,,
63,WS16074,Western Sambo,WS,,2016-03-15T14:50:00Z,3/15/16,14:50:00,-81.717,24.478,500,,5.0,11196.6,11200,3.4,0.245,0.8,0.5,0.20,0.00,0.2,,,,
64,WS16130,Molasses Reef,MR,,2016-05-09T23:15:00Z,5/9/16,23:15:00,-80.38,25.01,64,0.25,5.0,0,370.4,370.4,0.245,90.7,0.6,0.28,0.30,25.7,,,,
65,WS16130,Molasses Reef,MR,,2016-05-09T23:23:00Z,5/9/16,23:23:00,-80.38,25.01,200,0.5,5.0,11230.1,11918.7,688.6,0.245,168.7,0.5,0.20,0.56,33.1,,,,
66,WS16130,Molasses Reef,MR,,2016-05-09T23:23:00Z,5/9/16,23:23:00,-80.38,25.01,500,0.5,5.0,11230.1,11918.7,688.6,0.245,168.7,0.5,0.20,0.56,33.1,,,,
67,WS16130,Looe Key (deep),LK,,2016-05-10T13:03:00Z,5/10/16,13:03:00,-81.413,24.538,64,0.25,5.0,0,11484.3,11484.3,0.245,2813.7,0.6,0.28,9.38,795.5,,,,
68,WS16130,Looe Key (deep),LK,,2016-05-10T13:08:00Z,5/10/16,13:08:00,-81.413,24.538,200,0.5,5.0,0,11584.2,11584.2,0.245,2838.1,0.5,0.20,9.46,557.3,,Issues w/flowmeters at LK,,
69,WS16130,Looe Key (deep),LK,,2016-05-10T13:08:00Z,5/10/16,13:08:00,-81.413,24.538,500,0.5,5.0,0,11584.2,11584.2,0.245,2838.1,0.5,0.20,9.46,557.3,,Issues w/flowmeters at LK,,
70,WS16130,Western Sambo,WS,,2016-05-10T16:13:00Z,5/10/16,16:13:00,-81.717,24.478,64,0.25,5.0,0,446.8,446.8,0.245,109.5,0.6,0.28,0.36,31.0,,,,
71,WS16130,Western Sambo,WS,,2016-05-10T16:20:00Z,5/10/16,16:20:00,-81.717,24.478,200,0.5,5.0,0,204.5,204.5,0.245,50.1,0.5,0.20,0.17,9.8,,,,
72,WS16130,Western Sambo,WS,,2016-05-10T16:20:00Z,5/10/16,16:20:00,-81.717,24.478,500,0.5,5.0,0,204.5,204.5,0.245,50.1,0.5,0.20,0.17,9.8,,,,
73,WS16207,Molasses Reef,MR,,2016-07-25T23:45:00Z,7/25/16,23:45:00,-80.38,25.01,500,,5.0,33333,33400,67,0.245,16.4,0.5,0.20,0.05,3.2,,,,
74,WS16207,Molasses Reef,MR,,2016-07-25T23:45:00Z,7/25/16,23:45:00,-80.38,25.01,200,,5.0,33333,33400,67,0.245,16.4,0.5,0.20,0.05,3.2,,,,
75,WS16207,Molasses Reef,MR,,2016-07-25T23:45:00Z,7/25/16,23:45:00,-80.38,25.01,64,,5.0,33333,33392,59,0.245,14.5,0.6,0.28,0.05,4.1,,,,
76,WS16207,Looe Key (deep),LK,,2016-07-26T12:05:00Z,7/26/16,12:05:00,-81.413,24.538,200,,5.0,33400,33419.3,19.3,0.245,4.7,0.5,0.20,0.02,0.9,,,,
77,WS16207,Looe Key (deep),LK,,2016-07-26T12:05:00Z,7/26/16,12:05:00,-81.413,24.538,500,,5.0,33400,33419.3,19.3,0.245,4.7,0.5,0.20,0.02,0.9,,,,
78,WS16207,Looe Key (deep),LK,,2016-07-26T12:05:00Z,7/26/16,12:05:00,-81.413,24.538,64,,5.0,33392,33600.2,208.2,0.245,51.0,0.6,0.28,0.17,14.4,,,,
79,WS16207,Western Sambo,WS,,2016-07-26T14:54:00Z,7/26/16,14:54:00,-81.717,24.478,200,,5.0,33419.3,33490.9,71.6,0.245,17.5,0.5,0.20,0.06,3.4,,,,
80,WS16207,Western Sambo,WS,,2016-07-26T14:54:00Z,7/26/16,14:54:00,-81.717,24.478,500,,5.0,33419.3,33490.9,71.6,0.245,17.5,0.5,0.20,0.06,3.4,,,,
81,WS16207,Western Sambo,WS,,2016-07-26T14:54:00Z,7/26/16,14:54:00,-81.717,24.478,64,,5.0,33600.2,33939.7,339.5,0.245,83.2,0.6,0.28,0.28,23.5,,,,
82,WS16263,Molasses Reef,MR,,2016-09-19T21:00:00Z,9/19/16,21:00:00,-80.38,25.01,64,,5.0,0,91.9,91.9,0.245,22.5,0.6,0.28,0.08,6.4,,,,
83,WS16263,Molasses Reef,MR,,2016-09-19T21:05:00Z,9/19/16,21:05:00,-80.38,25.01,200,,5.0,0,376.5,376.5,0.245,92.2,0.5,0.20,0.31,18.1,,,,
84,WS16263,Molasses Reef,MR,,2016-09-19T21:05:00Z,9/19/16,21:05:00,-80.38,25.01,500,,5.0,0,376.5,376.5,0.245,92.2,0.5,0.20,0.31,18.1,,,,
85,WS16263,Looe Key (deep),LK,,2016-09-20T11:51:00Z,9/20/16,11:51:00,-81.413,24.538,200,,5.0,0,633.8,633.8,0.245,155.3,0.5,0.20,0.52,30.5,,,,
86,WS16263,Looe Key (deep),LK,,2016-09-20T11:51:00Z,9/20/16,11:51:00,-81.413,24.538,500,,5.0,0,633.8,633.8,0.245,155.3,0.5,0.20,0.52,30.5,,,,
87,WS16263,Looe Key (deep),LK,,2016-09-20T11:56:00Z,9/20/16,11:56:00,-81.413,24.538,64,,5.0,0,207.9,207.9,0.245,50.9,0.6,0.28,0.17,14.4,,,,
88,WS16263,Western Sambo,WS,,2016-09-20T16:25:00Z,9/20/16,16:25:00,-81.717,24.478,200,,5.0,0,500.9,500.9,0.245,122.7,0.5,0.20,0.41,24.1,,ship sped up for 30 sec,,
89,WS16263,Western Sambo,WS,,2016-09-20T16:25:00Z,9/20/16,16:25:00,-81.717,24.478,500,,5.0,0,500.9,500.9,0.245,122.7,0.5,0.20,0.41,24.1,,ship sped up for 30 sec,,
90,WS16263,Western Sambo,WS,,2016-09-20T16:30:00Z,9/20/16,16:30:00,-81.717,24.478,64,,5.0,0,323.7,323.7,0.245,79.3,0.6,0.28,0.26,22.4,,,,
91,WS16319,Molasses Reef,MR,,2016-11-14T19:45:00Z,11/14/16,19:45:00,-80.38,25.01,64,0.25,5.0,45623,46000.9,377.9,0.245,92.6,0.6,0.28,0.31,26.2,,,,
92,WS16319,Molasses Reef,MR,,2016-11-14T19:45:00Z,11/14/16,19:45:00,-80.38,25.01,200,0.5,5.0,500.9,517.7,16.8,0.245,4.1,0.5,0.20,0.01,0.8,,,,
93,WS16319,Molasses Reef,MR,,2016-11-14T19:45:00Z,11/14/16,19:45:00,-80.38,25.01,500,0.5,5.0,500.9,517.7,16.8,0.245,4.1,0.5,0.20,0.01,0.8,,,,
94,WS16319,Looe Key (deep),LK,,2016-11-15T12:18:00Z,11/15/16,12:18:00,-81.413,24.538,64,0.5,5.0,46000.9,,-46000.9,0.245,-11270.2,0.6,0.28,-37.57,-3186.6,,,,
95,WS16319,Looe Key (deep),LK,,2016-11-15T12:18:00Z,11/15/16,12:18:00,-81.413,24.538,200,0.5,5.0,517.7,1000,482.3,0.245,118.2,0.5,0.20,0.39,23.2,,,,
96,WS16319,Looe Key (deep),LK,,2016-11-15T12:18:00Z,11/15/16,12:18:00,-81.413,24.538,500,0.5,5.0,517.7,1000,482.3,0.245,118.2,0.5,0.20,0.39,23.2,,,,
97,WS16319,Western Sambo,WS,,2016-11-15T15:22:00Z,11/15/16,15:22:00,-81.717,24.478,64,0.25,5.0,0,158.6,158.6,0.245,38.9,0.6,0.28,0.13,11.0,,,,
98,WS16319,Western Sambo,WS,,2016-11-15T15:22:00Z,11/15/16,15:22:00,-81.717,24.478,200,0.5,5.0,1000,1009.9,9.9,0.245,2.4,0.5,0.20,0.01,0.5,,,,
99,WS16319,Western Sambo,WS,,2016-11-15T15:22:00Z,11/15/16,15:22:00,-81.717,24.478,500,0.5,5.0,1000,1009.9,9.9,0.245,2.4,0.5,0.20,0.01,0.5,,,,
100,WS17030,Molasses Reef,MR,,2017-01-30T21:10:00Z,1/30/17,21:10:00,-80.38,25.01,200,0.5,5.0,66666.6,66665.8,-0.8,0.245,-0.2,0.5,0.20,0.00,0.0,,flow out negative,,
101,WS17030,Molasses Reef,MR,,2017-01-30T21:10:00Z,1/30/17,21:10:00,-80.38,25.01,500,0.5,5.0,66666.6,66665.8,-0.8,0.245,-0.2,0.5,0.20,0.00,0.0,,flow out negative,,
102,WS17030,Molasses Reef,MR,,2017-01-30T21:20:00Z,1/30/17,21:20:00,-80.38,25.01,64,0.25,5.0,159.2,432.1,272.9,0.245,66.9,0.6,0.28,0.22,18.9,,"flow out negative; read wrong from sheet looks to be 4321 but the ""21"" looks like a 4",,
103,WS17030,Looe Key (deep),LK,,2017-01-31T11:28:00Z,1/31/17,11:28:00,-81.413,24.538,200,0.5,5.0,66671.8,66765.4,93.6,0.245,22.9,0.5,0.20,0.08,4.5,,,,
104,WS17030,Looe Key (deep),LK,,2017-01-31T11:28:00Z,1/31/17,11:28:00,-81.413,24.538,500,0.5,5.0,66671.8,66765.4,93.6,0.245,22.9,0.5,0.20,0.08,4.5,,,,
105,WS17030,Looe Key (deep),LK,,2017-01-31T11:37:00Z,1/31/17,11:37:00,-81.413,24.538,64,0.5,5.0,432,822.4,390.4,0.245,95.6,0.6,0.28,0.32,27.0,,,,
106,WS17030,Western Sambo,WS,,2017-01-31T14:37:00Z,1/31/17,14:37:00,-81.717,24.478,200,0.5,5.0,66098.6,66801,702.4,0.245,172.1,0.5,0.20,0.57,33.8,,"flow out negative; looks like leading ""99"" was supposed to be leading ""66"", if change volumes makes sense and if you look at LK/21 end flow should be start flow",,
107,WS17030,Western Sambo,WS,,2017-01-31T14:37:00Z,1/31/17,14:37:00,-81.717,24.478,500,0.5,5.0,66098.6,66801,702.4,0.245,172.1,0.5,0.20,0.57,33.8,,"flow out negative; looks like leading ""99"" was supposed to be leading ""66"", if change volumes makes sense and if you look at LK/21 end flow should be start flow",,
108,WS17030,Western Sambo,WS,,2017-01-31T14:49:00Z,1/31/17,14:49:00,-81.717,24.478,64,0.25,5.0,822.4,1299.1,476.7,0.245,116.8,0.6,0.28,0.39,33.0,,"high distance, flowmeter issue?, almost certain flow out has extra leading `1`",,
109,WS17086,Molasses Reef,MR,,2017-03-27T22:30:00Z,3/27/17,22:30:00,-80.38,25.01,64,0.25,5.0,0,434.2,434.2,0.245,106.4,0.6,0.28,0.35,30.1,,,,
110,WS17086,Molasses Reef,MR,,2017-03-27T23:30:00Z,3/27/17,23:30:00,-80.38,25.01,200,0.5,5.0,0,345.9,345.9,0.245,84.7,0.5,0.20,0.28,16.6,,,,
111,WS17086,Molasses Reef,MR,,2017-03-27T23:30:00Z,3/27/17,23:30:00,-80.38,25.01,500,0.5,5.0,0,345.9,345.9,0.245,84.7,0.5,0.20,0.28,16.6,,,,
112,WS17086,Looe Key (deep),LK,,2017-03-28T14:15:00Z,3/28/17,14:15:00,-81.413,24.538,64,0.5,5.0,0,902.4,902.4,0.245,221.1,0.6,0.28,0.74,62.5,,,,
113,WS17086,Looe Key (deep),LK,,2017-03-28T14:15:00Z,3/28/17,14:15:00,-81.413,24.538,200,0.5,5.0,0,108,108,0.245,26.5,0.5,0.20,0.09,5.2,,,,
114,WS17086,Looe Key (deep),LK,,2017-03-28T14:15:00Z,3/28/17,14:15:00,-81.413,24.538,500,0.5,5.0,0,108,108,0.245,26.5,0.5,0.20,0.09,5.2,,,,
115,WS17086,Western Sambo,WS,,2017-03-28T17:45:00Z,3/28/17,17:45:00,-81.717,24.478,64,0.25,5.0,0,538.1,538.1,0.245,131.8,0.6,0.28,0.44,37.3,,,,
116,WS17086,Western Sambo,WS,,2017-03-28T17:45:00Z,3/28/17,17:45:00,-81.717,24.478,200,0.5,5.0,0,99.9,99.9,0.245,24.5,0.5,0.20,0.08,4.8,,,,
117,WS17086,Western Sambo,WS,,2017-03-28T17:45:00Z,3/28/17,17:45:00,-81.717,24.478,500,0.5,5.0,0,99.9,99.9,0.245,24.5,0.5,0.20,0.08,4.8,,,,
118,WS17170,Molasses Reef,MR,,2017-06-19T00:13:00Z,6/19/17,0:13:00,-80.38,25.01,64,0.25,5.0,538.1,1334.4,796.3,0.245,195.1,0.6,0.28,0.65,55.2,,,,
119,WS17170,Molasses Reef,MR,,2017-06-19T00:21:00Z,6/19/17,0:21:00,-80.38,25.01,200,0.5,5.0,99.9,990.7,890.8,0.245,218.2,0.5,0.20,0.73,42.9,,,,
120,WS17170,Molasses Reef,MR,,2017-06-19T00:21:00Z,6/19/17,0:21:00,-80.38,25.01,500,0.5,5.0,99.9,990.7,890.8,0.245,218.2,0.5,0.20,0.73,42.9,,,,
121,WS17170,Looe Key (deep),LK,,2017-06-20T15:33:00Z,6/20/17,15:33:00,-81.413,24.538,200,0.5,5.0,990.7,1981.1,990.4,0.245,242.6,0.5,0.20,0.81,47.6,,,,
122,WS17170,Looe Key (deep),LK,,2017-06-20T15:33:00Z,6/20/17,15:33:00,-81.413,24.538,500,0.5,5.0,990.7,1981.1,990.4,0.245,242.6,0.5,0.20,0.81,47.6,,,,
123,WS17170,Looe Key (deep),LK,,2017-06-20T15:41:00Z,6/20/17,15:41:00,-81.413,24.538,64,0.25,5.0,11120,11906.7,786.7,0.245,192.7,0.6,0.28,0.64,54.5,,,,
124,WS17170,Western Sambo,WS,,2017-06-20T19:11:00Z,6/20/17,19:11:00,-81.717,24.478,64,0.25,5.0,11906.7,12496.8,590.1,0.245,144.6,0.6,0.28,0.48,40.9,,,,
125,WS17170,Western Sambo,WS,,2017-06-20T19:17:00Z,6/20/17,19:17:00,-81.717,24.478,200,0.5,5.0,11981.1,12011.1,30,0.245,7.4,0.5,0.20,0.02,1.4,,flowmeter stuck,,
126,WS17170,Western Sambo,WS,,2017-06-20T19:17:00Z,6/20/17,19:17:00,-81.717,24.478,500,0.5,5.0,11981.1,12011.1,30,0.245,7.4,0.5,0.20,0.02,1.4,,flowmeter stuck,,
127,WS17282,Molasses Reef,MR,,2017-10-09T01:20:00Z,10/9/17,1:20:00,-80.38,25.01,200,0.5,5.0,0,990.9,990.9,0.245,242.8,0.5,0.20,0.81,47.7,,,,
128,WS17282,Molasses Reef,MR,,2017-10-09T01:20:00Z,10/9/17,1:20:00,-80.38,25.01,500,0.5,5.0,0,990.9,990.9,0.245,242.8,0.5,0.20,0.81,47.7,,,,
129,WS17282,Molasses Reef,MR,,2017-10-09T01:35:00Z,10/9/17,1:35:00,-80.38,25.01,64,0.25,5.0,0,849.1,849.1,0.245,208.0,0.6,0.28,0.69,58.8,,spilled ~5% after washing,,
130,WS17282,Looe Key (deep),LK,,2017-10-10T19:15:00Z,10/10/17,19:15:00,-81.413,24.538,200,0.5,5.0,0,100.9,100.9,0.245,24.7,0.5,0.20,0.08,4.9,,,,
131,WS17282,Looe Key (deep),LK,,2017-10-10T19:15:00Z,10/10/17,19:15:00,-81.413,24.538,500,0.5,5.0,0,100.9,100.9,0.245,24.7,0.5,0.20,0.08,4.9,,,,
132,WS17282,Looe Key (deep),LK,,2017-10-10T19:23:00Z,10/10/17,19:23:00,-81.413,24.538,64,0.25,5.0,0,601.8,601.8,0.245,147.4,0.6,0.28,0.49,41.7,,jellyfish in net,,
133,WS17282,Western Sambo,WS,,2017-10-10T22:50:00Z,10/10/17,22:50:00,-81.717,24.478,200,0.5,5.0,0,323.6,323.6,0.245,79.3,0.5,0.20,0.26,15.6,,,,
134,WS17282,Western Sambo,WS,,2017-10-10T22:50:00Z,10/10/17,22:50:00,-81.717,24.478,500,0.5,5.0,0,323.6,323.6,0.245,79.3,0.5,0.20,0.26,15.6,,,,
135,WS17282,Western Sambo,WS,,2017-10-10T23:01:00Z,10/10/17,23:01:00,-81.717,24.478,64,0.25,5.0,0,839.1,839.1,0.245,205.6,0.6,0.28,0.69,58.1,,,,
136,WS17282,64,64,,2017-10-11T13:50:00Z,10/11/17,13:50:00,-81.1582,25.16623,64,0.5,3.0,0,34.4,34.4,0.245,8.4,0.6,0.28,0.05,2.4,,,,
137,WS17282,62,62,,2017-10-11T13:50:00Z,10/11/17,13:50:00,-81.235,25.16667,64,0.5,3.0,0.5,110.4,109.9,0.245,26.9,0.6,0.28,0.15,7.6,,,,
138,WS17282,59,59,,2017-10-11T17:05:00Z,10/11/17,17:05:00,-81.4914,25.166,64,0.5,5.0,0,305.1,305.1,0.245,74.7,0.6,0.28,0.25,21.1,,,,
139,WS17282,58,58,,2017-10-11T18:45:00Z,10/11/17,18:45:00,-81.6533,25.16667,64,0.5,5.0,0,231,231,0.245,56.6,0.6,0.28,0.19,16.0,,,,
140,WS17282,57.3,57.3,,2017-10-11T20:15:00Z,10/11/17,20:15:00,-81.265,25.35167,64,0.5,5.0,0,65.3,65.3,0.245,16.0,0.6,0.28,0.05,4.5,,,,
141,WS17282,57.2,57.2,,2017-10-11T21:42:00Z,10/11/17,21:42:00,-81.265,25.35167,64,0.5,3.0,0,201.2,201.2,0.245,49.3,0.6,0.28,0.27,13.9,,,,
142,WS18008,Molasses Reef,MR,,2018-01-09T01:15:00Z,1/9/18,1:15:00,-80.38,25.01,200,0.5,8.0,0,875.9,875.9,0.245,214.6,0.5,0.20,0.45,42.1,,,,
143,WS18008,Molasses Reef,MR,,2018-01-09T01:15:00Z,1/9/18,1:15:00,-80.38,25.01,500,0.5,8.0,0,875.9,875.9,0.245,214.6,0.5,0.20,0.45,42.1,,,,
144,WS18008,Molasses Reef,MR,,2018-01-09T01:28:00Z,1/9/18,1:28:00,-80.38,25.01,64,0.25,5.0,0,611.1,611.1,0.245,149.7,0.6,0.28,0.50,42.3,,,,
145,WS18008,Looe Key (deep),LK,,2018-01-09T16:08:00Z,1/9/18,16:08:00,-81.413,24.538,200,0.5,5.0,0,999.9,999.9,0.245,245.0,0.5,0.20,0.82,48.1,,,,
146,WS18008,Looe Key (deep),LK,,2018-01-09T16:08:00Z,1/9/18,16:08:00,-81.413,24.538,500,0.5,5.0,0,999.9,999.9,0.245,245.0,0.5,0.20,0.82,48.1,,,,
147,WS18008,Looe Key (deep),LK,,2018-01-09T16:16:00Z,1/9/18,16:16:00,-81.413,24.538,64,0.5,5.0,0,750.9,750.9,0.245,184.0,0.6,0.28,0.61,52.0,,,,
148,WS18008,Western Sambo,WS,,2018-01-09T19:46:00Z,1/9/18,19:46:00,-81.717,24.478,200,0.5,7.0,0,415.3,415.3,0.245,101.7,0.5,0.20,0.24,20.0,,,,
149,WS18008,Western Sambo,WS,,2018-01-09T19:46:00Z,1/9/18,19:46:00,-81.717,24.478,500,0.5,7.0,0,415.3,415.3,0.245,101.7,0.5,0.20,0.24,20.0,,,,
150,WS18008,Western Sambo,WS,,2018-01-09T19:55:00Z,1/9/18,19:55:00,-81.717,24.478,64,0.25,6.0,0,200.9,200.9,0.245,49.2,0.6,0.28,0.14,13.9,,,,
151,SV18067,Molasses Reef,MR,,2018-03-09T01:58:00Z,3/9/18,1:58:00,-80.38,25.01,200,0.5,5.7,0,856.7,856.7,0.245,209.9,0.5,0.20,0.61,41.2,,,,
152,SV18067,Molasses Reef,MR,,2018-03-09T01:58:00Z,3/9/18,1:58:00,-80.38,25.01,500,0.5,5.7,0,856.7,856.7,0.245,209.9,0.5,0.20,0.61,41.2,,,,
153,SV18067,Molasses Reef,MR,,2018-03-09T02:08:00Z,3/9/18,2:08:00,-80.38,25.01,64,0.25,5.3,0,393.3,393.3,0.245,96.4,0.6,0.28,0.31,27.2,,,,
154,SV18067,Looe Key (deep),LK,,2018-03-09T15:17:00Z,3/9/18,15:17:00,-81.413,24.538,64,0.5,5.3,0,308.2,308.2,0.245,75.5,0.6,0.28,0.24,21.3,,,,
155,SV18067,Looe Key (deep),LK,,2018-03-09T15:23:00Z,3/9/18,15:23:00,-81.413,24.538,200,0.5,4.8,0,299.9,299.9,0.245,73.5,0.5,0.20,0.25,14.4,,,,
156,SV18067,Looe Key (deep),LK,,2018-03-09T15:23:00Z,3/9/18,15:23:00,-81.413,24.538,500,0.5,4.8,0,299.9,299.9,0.245,73.5,0.5,0.20,0.25,14.4,,,,
157,SV18067,Western Sambo,WS,,2018-03-09T22:49:00Z,3/9/18,22:49:00,-81.717,24.478,64,0.25,1.6,0,113.9,113.9,0.245,27.9,0.6,0.28,0.29,7.9,,,,
158,SV18067,Western Sambo,WS,,2018-03-09T22:55:00Z,3/9/18,22:55:00,-81.717,24.478,200,0.5,3.9,0,199.9,199.9,0.245,49.0,0.5,0.20,0.21,9.6,,,,
159,SV18067,Western Sambo,WS,,2018-03-09T22:55:00Z,3/9/18,22:55:00,-81.717,24.478,500,0.5,3.9,0,199.9,199.9,0.245,49.0,0.5,0.20,0.21,9.6,,,,
160,SV18067,56,56,,2018-03-10T20:52:00Z,3/10/18,20:52:00,-81.227,25.35,64,0.5,5.3,0,221.8,221.8,0.245,54.3,0.6,0.28,0.17,15.4,,,,
161,SV18067,55,55,,2018-03-10T21:37:00Z,3/10/18,21:37:00,-81.1933,25.35017,64,0.5,3.2,0,57.3,57.3,0.245,14.0,0.6,0.28,0.07,4.0,,,,
162,SV18067,54,54,,2018-03-10T22:54:00Z,3/10/18,22:54:00,-81.1528,25.34533,64,0.5,3.3,0,61.2,61.2,0.245,15.0,0.6,0.28,0.08,4.2,,,,
163,SV18067,57,57,,2018-03-11T00:23:00Z,3/11/18,0:23:00,-81.265,25.35167,64,0.5,4.1,0,48.3,48.3,0.245,11.8,0.6,0.28,0.05,3.3,,,,
164,SV18067,57.1,57.1,,2018-03-11T01:15:00Z,3/11/18,1:15:00,-81.265,25.35167,64,0.5,3.7,0,104.4,104.4,0.245,25.6,0.6,0.28,0.12,7.2,,,,
165,SV18067,57.2,57.2,,2018-03-11T02:35:00Z,3/11/18,2:35:00,-81.265,25.35167,64,0.5,5.0,0,158.7,158.7,0.245,38.9,0.6,0.28,0.13,11.0,,,,
166,SV18067,57.3,57.3,,2018-03-11T03:46:00Z,3/11/18,3:46:00,-81.265,25.35167,64,0.5,3.0,0,108.5,108.5,0.245,26.6,0.6,0.28,0.15,7.5,,,,
167,WS18120,Molasses Reef,MR,,2018-04-30T22:21:00Z,4/30/18,22:21:00,-80.38,25.01,200,0.5,5.7,0,296.9,296.9,0.245,72.7,0.5,0.20,0.21,14.3,,,,
168,WS18120,Molasses Reef,MR,,2018-04-30T22:21:00Z,4/30/18,22:21:00,-80.38,25.01,500,0.5,5.7,0,296.9,296.9,0.245,72.7,0.5,0.20,0.21,14.3,,,,
169,WS18120,Molasses Reef,MR,,2018-04-30T22:35:00Z,4/30/18,22:35:00,-80.38,25.01,64,0.25,5.0,0,293,293,0.245,71.8,0.6,0.28,0.24,20.3,,,,
170,WS18120,Looe Key (deep),LK,,2018-05-01T12:41:00Z,5/1/18,12:41:00,-81.413,24.538,200,0.5,6.2,0,373.3,373.3,0.245,91.5,0.5,0.20,0.25,18.0,,,,
171,WS18120,Looe Key (deep),LK,,2018-05-01T12:41:00Z,5/1/18,12:41:00,-81.413,24.538,500,0.5,6.2,0,373.3,373.3,0.245,91.5,0.5,0.20,0.25,18.0,,,,
172,WS18120,Looe Key (deep),LK,,2018-05-01T12:53:00Z,5/1/18,12:53:00,-81.413,24.538,64,0.5,4.8,0,431.3,431.3,0.245,105.7,0.6,0.28,0.37,29.9,,,,
173,WS18120,Western Sambo,WS,,2018-05-01T16:29:00Z,5/1/18,16:29:00,-81.717,24.478,200,0.5,5.0,0,100.9,100.9,0.245,24.7,0.5,0.20,0.08,4.9,,,,
174,WS18120,Western Sambo,WS,,2018-05-01T16:29:00Z,5/1/18,16:29:00,-81.717,24.478,500,0.5,5.0,0,100.9,100.9,0.245,24.7,0.5,0.20,0.08,4.9,,,,
175,WS18120,Western Sambo,WS,,2018-05-01T16:37:00Z,5/1/18,16:37:00,-81.717,24.478,64,0.25,3.0,0,310,310,0.245,76.0,0.6,0.28,0.42,21.5,,,,
176,WS18120,54,54,,2018-05-02T22:03:00Z,5/2/18,22:03:00,-81.1528,25.34533,64,0.5,3.0,0,103.5,103.5,0.245,25.4,0.6,0.28,0.14,7.2,,,,
177,WS18120,55,55,,2018-05-02T22:52:00Z,5/2/18,22:52:00,-81.1933,25.35017,64,0.5,3.0,0,104.2,104.2,0.245,25.5,0.6,0.28,0.14,7.2,,,,
178,SV18173,Molasses Reef,MR,,2018-06-22T22:17:00Z,6/22/18,22:17:00,-80.38,25.01,64,0.25,2.0,0,7.4,7.4,0.245,1.8,0.6,0.28,0.02,0.5,,"""too slow"" Boat was not moving at 2 knots",,
179,SV18173,Molasses Reef,MR,,2018-06-22T23:33:00Z,6/22/18,23:33:00,-80.38,25.01,200,0.5,5.0,0,7700,7700,0.245,1886.5,0.5,0.20,6.29,370.4,,Error in flow out measurement,,
180,SV18173,Molasses Reef,MR,,2018-06-22T23:33:00Z,6/22/18,23:33:00,-80.38,25.01,500,0.5,5.0,0,7700,7700,0.245,1886.5,0.5,0.20,6.29,370.4,,Error in flow out measurement,,
181,SV18173,Looe Key (deep),LK,,2018-06-23T05:33:00Z,6/23/18,5:33:00,-81.413,24.538,64,0.5,2.0,0,331.9,331.9,0.245,81.3,0.6,0.28,0.68,23.0,,,,
182,SV18173,Looe Key (deep),LK,,2018-06-23T05:33:00Z,6/23/18,5:33:00,-81.413,24.538,200,0.5,5.0,0,186,186,0.245,45.6,0.5,0.20,0.15,8.9,,,,
183,SV18173,Looe Key (deep),LK,,2018-06-23T05:33:00Z,6/23/18,5:33:00,-81.413,24.538,500,0.5,5.0,0,186,186,0.245,45.6,0.5,0.20,0.15,8.9,,,,
184,SV18173,Western Sambo,WS,,2018-06-23T19:18:00Z,6/23/18,19:18:00,-81.717,24.478,64,0.25,2.0,0,330,330,0.245,80.9,0.6,0.28,0.67,22.9,,,,
185,SV18173,Western Sambo,WS,,2018-06-23T19:43:00Z,6/23/18,19:43:00,-81.717,24.478,200,0.5,5.0,0,1010.1,1010.1,0.245,247.5,0.5,0.20,0.82,48.6,,,,
186,SV18173,Western Sambo,WS,,2018-06-23T19:43:00Z,6/23/18,19:43:00,-81.717,24.478,500,0.5,5.0,0,1010.1,1010.1,0.245,247.5,0.5,0.20,0.82,48.6,,,,
187,WS18218,Molasses Reef,MR,,2018-08-06T22:28:00Z,8/6/18,22:28:00,-80.38,25.01,64,0.5,5.0,0,402.3,402.3,0.245,98.6,0.6,0.28,0.33,27.9,,Winch broken (by hand),,
188,WS18218,Molasses Reef,MR,,2018-08-06T22:45:00Z,8/6/18,22:45:00,-80.38,25.01,200,0.5,5.0,0,100.9,100.9,0.245,24.7,0.5,0.20,0.08,4.9,,Winch broken (by hand),,
189,WS18218,Molasses Reef,MR,,2018-08-06T22:45:00Z,8/6/18,22:45:00,-80.38,25.01,500,0.5,5.0,0,100.9,100.9,0.245,24.7,0.5,0.20,0.08,4.9,,Winch broken (by hand),,
190,WS18218,Looe Key (deep),LK,,2018-08-07T12:07:00Z,8/7/18,12:07:00,-81.413,24.538,200,0.5,5.0,0,200.9,200.9,0.245,49.2,0.5,0.20,0.16,9.7,,Winch broken (by hand),,
191,WS18218,Looe Key (deep),LK,,2018-08-07T12:07:00Z,8/7/18,12:07:00,-81.413,24.538,500,0.5,5.0,0,200.9,200.9,0.245,49.2,0.5,0.20,0.16,9.7,,Winch broken (by hand),,
192,WS18218,Looe Key (deep),LK,,2018-08-07T12:14:00Z,8/7/18,12:14:00,-81.413,24.538,64,0.5,5.0,0,435,435,0.245,106.6,0.6,0.28,0.36,30.1,,Winch broken (by hand),,
193,WS18218,Western Sambo,WS,,2018-08-07T15:30:00Z,8/7/18,15:30:00,-81.717,24.478,64,0.5,5.0,0,402.3,402.3,0.245,98.6,0.6,0.28,0.33,27.9,,Winch broken (by hand),,
194,WS18218,Western Sambo,WS,,2018-08-07T15:38:00Z,8/7/18,15:38:00,-81.717,24.478,200,0.5,5.0,0,436,436,0.245,106.8,0.5,0.20,0.36,21.0,,Winch broken (by hand),,
195,WS18218,Western Sambo,WS,,2018-08-07T15:38:00Z,8/7/18,15:38:00,-81.717,24.478,500,0.5,5.0,0,436,436,0.245,106.8,0.5,0.20,0.36,21.0,,Winch broken (by hand),,
196,WS18285,Molasses Reef,MR,,2018-10-12T22:12:00Z,10/12/18,22:12:00,-80.38,25.01,64,0.5,2.0,0,110.4,110.4,0.245,27.0,0.6,0.28,0.23,7.6,,,,
197,WS18285,Molasses Reef,MR,,2018-10-12T22:19:00Z,10/12/18,22:19:00,-80.38,25.01,200,0.5,5.0,0,615.9,615.9,0.245,150.9,0.5,0.20,0.50,29.6,,,,
198,WS18285,Molasses Reef,MR,,2018-10-12T22:19:00Z,10/12/18,22:19:00,-80.38,25.01,500,0.5,5.0,0,615.9,615.9,0.245,150.9,0.5,0.20,0.50,29.6,,,,
199,WS18285,Looe Key (deep),LK,,2018-10-13T08:45:00Z,10/13/18,8:45:00,-81.413,24.538,64,0.5,2.0,0,275,275,0.245,67.4,0.6,0.28,0.56,19.0,,,,
200,WS18285,Looe Key (deep),LK,,2018-10-13T08:53:00Z,10/13/18,8:53:00,-81.413,24.538,200,0.5,5.0,0,413,413,0.245,101.2,0.5,0.20,0.34,19.9,,,,
201,WS18285,Looe Key (deep),LK,,2018-10-13T08:53:00Z,10/13/18,8:53:00,-81.413,24.538,500,0.5,5.0,0,413,413,0.245,101.2,0.5,0.20,0.34,19.9,,,,
202,WS18285,Western Sambo,WS,,2018-10-13T12:09:00Z,10/13/18,12:09:00,-81.717,24.478,64,0.5,2.0,0,198.2,198.2,0.245,48.6,0.6,0.28,0.40,13.7,,,,
203,WS18285,Western Sambo,WS,,2018-10-13T12:14:00Z,10/13/18,12:14:00,-81.717,24.478,200,0.5,5.0,0,447.4,447.4,0.245,109.6,0.5,0.20,0.37,21.5,,,,
204,WS18285,Western Sambo,WS,,2018-10-13T12:14:00Z,10/13/18,12:14:00,-81.717,24.478,500,0.5,5.0,0,447.4,447.4,0.245,109.6,0.5,0.20,0.37,21.5,,,,
205,WS18285,54,54,,2018-10-18T09:05:00Z,10/18/18,9:05:00,-81.1528,25.34533,64,0.5,2.0,0,92.9,92.9,0.245,22.8,0.6,0.28,0.19,6.4,,,,
206,WS18285,57,57,,2018-10-18T10:35:00Z,10/18/18,10:35:00,-81.265,25.35167,64,0.5,2.0,0,170.9,170.9,0.245,41.9,0.6,0.28,0.35,11.8,,,,
207,WS18351,Molasses Reef,MR,,2018-12-17T20:42:00Z,12/17/18,20:42:00,-80.38,25.01,64,0.25,5.0,0,319.9,319.9,0.245,78.4,0.6,0.28,0.26,22.2,,,,
208,WS18351,Molasses Reef,MR,,2018-12-17T20:46:00Z,12/17/18,20:46:00,-80.38,25.01,200,0.25,5.0,0,199.9,199.9,0.245,49.0,0.5,0.20,0.16,9.6,,,,
209,WS18351,Molasses Reef,MR,,2018-12-17T20:46:00Z,12/17/18,20:46:00,-80.38,25.01,500,0.25,5.0,0,199.9,199.9,0.245,49.0,0.5,0.20,0.16,9.6,,,,
210,WS18351,Looe Key (deep),LK,,2018-12-18T11:50:00Z,12/18/18,11:50:00,-81.413,24.538,64,0.5,5.0,0,201.1,201.1,0.245,49.3,0.6,0.28,0.16,13.9,,,,
211,WS18351,Looe Key (deep),LK,,2018-12-18T11:55:00Z,12/18/18,11:55:00,-81.413,24.538,200,0.5,5.0,0,407.9,407.9,0.245,99.9,0.5,0.20,0.33,19.6,,,,
212,WS18351,Looe Key (deep),LK,,2018-12-18T11:55:00Z,12/18/18,11:55:00,-81.413,24.538,500,0.5,5.0,0,407.9,407.9,0.245,99.9,0.5,0.20,0.33,19.6,,,,
213,WS18351,Western Sambo,WS,,2018-12-18T15:15:00Z,12/18/18,15:15:00,-81.717,24.478,64,0.5,5.0,0,396.8,396.8,0.245,97.2,0.6,0.28,0.32,27.5,,,,
214,WS18351,Western Sambo,WS,,2018-12-18T15:20:00Z,12/18/18,15:20:00,-81.717,24.478,200,0.5,5.0,0,200.9,200.9,0.245,49.2,0.5,0.20,0.16,9.7,,,,
215,WS18351,Western Sambo,WS,,2018-12-18T15:20:00Z,12/18/18,15:20:00,-81.717,24.478,500,0.5,5.0,0,200.9,200.9,0.245,49.2,0.5,0.20,0.16,9.7,,,,
216,WS18351,9B,9B,,2018-12-19T01:18:00Z,12/19/18,1:18:00,-80.7189,24.76023,64,0.5,5.0,0,291,291,0.245,71.3,0.6,0.28,0.24,20.2,,,,
217,WS18351,9B,9B,,2018-12-19T01:23:00Z,12/19/18,1:23:00,-80.7189,24.76023,200,0.5,5.0,0,99.9,99.9,0.245,24.5,0.5,0.20,0.08,4.8,,,,
218,WS18351,9B,9B,,2018-12-19T01:23:00Z,12/19/18,1:23:00,-80.7189,24.76023,500,0.5,5.0,0,99.9,99.9,0.245,24.5,0.5,0.20,0.08,4.8,,,,
219,WS19028,Molasses Reef,MR,,2019-01-28T19:28:00Z,1/28/19,19:28:00,-80.38,25.01,64,0.25,2.0,0,345.8,345.8,0.245,84.7,0.6,0.28,0.71,24.0,,,,
220,WS19028,Molasses Reef,MR,,2019-01-28T19:35:00Z,1/28/19,19:35:00,-80.38,25.01,200,0.25,5.0,0,409.4,409.4,0.245,100.3,0.5,0.20,0.33,19.7,,,,
221,WS19028,Molasses Reef,MR,,2019-01-28T19:35:00Z,1/28/19,19:35:00,-80.38,25.01,500,0.25,5.0,0,409.4,409.4,0.245,100.3,0.5,0.20,0.33,19.7,,,,
222,WS19028,Looe Key (deep),LK,,2019-01-29T04:20:00Z,1/29/19,4:20:00,-81.413,24.538,200,0.5,5.0,0,100,100,0.245,24.5,0.5,0.20,0.08,4.8,,,,
223,WS19028,Looe Key (deep),LK,,2019-01-29T04:20:00Z,1/29/19,4:20:00,-81.413,24.538,500,0.5,5.0,0,100,100,0.245,24.5,0.5,0.20,0.08,4.8,,,,
224,WS19028,Looe Key (deep),LK,,2019-01-29T04:25:00Z,1/29/19,4:25:00,-81.413,24.538,64,0.5,2.0,0,164.4,164.4,0.245,40.3,0.6,0.28,0.34,11.4,,,,
225,WS19028,Western Sambo,WS,,2019-01-29T07:15:00Z,1/29/19,7:15:00,-81.717,24.478,64,0.5,2.0,0,248.4,248.4,0.245,60.9,0.6,0.28,0.51,17.2,,,,
226,WS19028,Western Sambo,WS,,2019-01-29T07:20:00Z,1/29/19,7:20:00,-81.717,24.478,200,0.5,5.0,0,297.3,297.3,0.245,72.8,0.5,0.20,0.24,14.3,,,,
227,WS19028,Western Sambo,WS,,2019-01-29T07:20:00Z,1/29/19,7:20:00,-81.717,24.478,500,0.5,5.0,0,297.3,297.3,0.245,72.8,0.5,0.20,0.24,14.3,,,,
228,WS19028,54,54,,2019-01-31T17:35:00Z,1/31/19,17:35:00,-81.1528,25.34533,64,0.5,2.0,0,125.7,125.7,0.245,30.8,0.6,0.28,0.26,8.7,,,,
229,WS19028,57,57,,2019-01-31T17:35:00Z,1/31/19,17:35:00,-81.265,25.35167,64,0.5,2.0,0,99.9,99.9,0.245,24.5,0.6,0.28,0.20,6.9,,,,
230,WS19210,Molasses Reef,MR,,2019-07-29T20:00:00Z,7/29/19,20:00:00,-80.38,25.01,64,0.5,2.0,0,107.9,107.9,0.245,26.4,0.6,0.28,0.22,7.5,,,,
231,WS19210,Molasses Reef,MR,,2019-07-29T20:00:00Z,7/29/19,20:00:00,-80.38,25.01,200,0.5,5.0,0,143,143,0.245,35.0,0.5,0.20,0.12,6.9,,,,
232,WS19210,Molasses Reef,MR,,2019-07-29T20:00:00Z,7/29/19,20:00:00,-80.38,25.01,500,0.5,5.0,0,143,143,0.245,35.0,0.5,0.20,0.12,6.9,,,,
233,WS19210,Looe Key (deep),LK,,2019-07-30T09:56:00Z,7/30/19,9:56:00,-81.413,24.538,200,0.5,2.0,0,201,201,0.245,49.2,0.5,0.20,0.41,9.7,,,,
234,WS19210,Looe Key (deep),LK,,2019-07-30T09:56:00Z,7/30/19,9:56:00,-81.413,24.538,500,0.5,2.0,0,201,201,0.245,49.2,0.5,0.20,0.41,9.7,,,,
235,WS19210,Looe Key (deep),LK,,2019-07-30T09:59:00Z,7/30/19,9:59:00,-81.413,24.538,64,0.5,2.0,0,343.7,343.7,0.245,84.2,0.6,0.28,0.70,23.8,,,,
236,WS19210,Western Sambo,WS,,2019-07-30T13:38:00Z,7/30/19,13:38:00,-81.717,24.478,64,0.5,5.0,0,256,256,0.245,62.7,0.6,0.28,0.21,17.7,,,,
237,WS19210,Western Sambo,WS,,2019-07-30T13:38:00Z,7/30/19,13:38:00,-81.717,24.478,200,0.5,2.0,0,100.9,100.9,0.245,24.7,0.5,0.20,0.21,4.9,,,,
238,WS19210,Western Sambo,WS,,2019-07-30T13:38:00Z,7/30/19,13:38:00,-81.717,24.478,500,0.5,2.0,0,100.9,100.9,0.245,24.7,0.5,0.20,0.21,4.9,,,,
239,WS19210,54,54,,2019-08-01T16:35:00Z,8/1/19,16:35:00,-81.1528,25.34533,64,0.5,2.0,0,25.5,25.5,0.245,6.2,0.6,0.28,0.05,1.8,,,,
240,WS19210,57,57,,2019-08-01T17:58:00Z,8/1/19,17:58:00,-81.265,25.35167,64,0.5,2.0,0,44.9,44.9,0.245,11.0,0.6,0.28,0.09,3.1,,,,
241,WS19266,Molasses Reef,MR,,2019-09-23T18:37:00Z,9/23/19,18:37:00,-80.38,25.01,64,0.5,2.0,0,246.2,246.2,0.245,60.3,0.6,0.28,0.50,17.1,,,,
242,WS19266,Molasses Reef,MR,,2019-09-23T18:39:00Z,9/23/19,18:39:00,-80.38,25.01,200,0.5,5.0,0,535.6,535.6,0.245,131.2,0.5,0.20,0.44,25.8,,,,
243,WS19266,Molasses Reef,MR,,2019-09-23T18:39:00Z,9/23/19,18:39:00,-80.38,25.01,500,0.5,5.0,0,535.6,535.6,0.245,131.2,0.5,0.20,0.44,25.8,,,,
244,WS19266,Looe Key (deep),LK,,2019-09-24T10:44:00Z,9/24/19,10:44:00,-81.413,24.538,64,0.5,2.0,0,247.6,247.6,0.245,60.7,0.6,0.28,0.51,17.2,,,,
245,WS19266,Looe Key (deep),LK,,2019-09-24T10:48:00Z,9/24/19,10:48:00,-81.413,24.538,200,0.5,5.0,0,100.9,100.9,0.245,24.7,0.5,0.20,0.08,4.9,,,,
246,WS19266,Looe Key (deep),LK,,2019-09-24T10:48:00Z,9/24/19,10:48:00,-81.413,24.538,500,0.5,5.0,0,100.9,100.9,0.245,24.7,0.5,0.20,0.08,4.9,,,,
247,WS19266,Western Sambo,WS,,2019-09-24T13:59:00Z,9/24/19,13:59:00,-81.717,24.478,64,0.5,2.0,0,160.5,160.5,0.245,39.3,0.6,0.28,0.33,11.1,,,,
248,WS19266,Western Sambo,WS,,2019-09-24T14:05:00Z,9/24/19,14:05:00,-81.717,24.478,200,0.5,5.0,0,176.1,176.1,0.245,43.1,0.5,0.20,0.14,8.5,,,,
249,WS19266,Western Sambo,WS,,2019-09-24T14:05:00Z,9/24/19,14:05:00,-81.717,24.478,500,0.5,5.0,0,176.1,176.1,0.245,43.1,0.5,0.20,0.14,8.5,,,,
250,WS19322,Molasses Reef,MR,,2019-11-18T21:40:00Z,11/18/19,21:40:00,-80.38,25.01,200,0.5,5.0,11.1,99.9,88.8,0.245,21.8,0.5,0.20,0.07,4.3,,,,
251,WS19322,Molasses Reef,MR,,2019-11-18T21:40:00Z,11/18/19,21:40:00,-80.38,25.01,500,0.5,5.0,11.1,99.9,88.8,0.245,21.8,0.5,0.20,0.07,4.3,,,,
252,WS19322,Looe Key (deep),LK,,2019-11-19T11:18:00Z,11/19/19,11:18:00,-81.413,24.538,200,0.5,5.0,0,499.9,499.9,0.245,122.5,0.5,0.20,0.41,24.0,,,,
253,WS19322,Looe Key (deep),LK,,2019-11-19T11:18:00Z,11/19/19,11:18:00,-81.413,24.538,500,0.5,5.0,0,499.9,499.9,0.245,122.5,0.5,0.20,0.41,24.0,,,,
254,WS19322,Western Sambo,WS,,2019-11-19T14:40:00Z,11/19/19,14:40:00,-81.717,24.478,200,0.5,5.0,0,310.2,310.2,0.245,76.0,0.5,0.20,0.25,14.9,,,,
255,WS19322,Western Sambo,WS,,2019-11-19T14:40:00Z,11/19/19,14:40:00,-81.717,24.478,500,0.5,5.0,0,310.2,310.2,0.245,76.0,0.5,0.20,0.25,14.9,,,,
256,WS20006,Molasses Reef,MR,,2020-01-06T20:40:00Z,1/6/20,20:40:00,-80.38,25.01,64,0.5,2.0,0,100.9,100.9,0.245,24.7,0.6,0.28,0.21,7.0,,,,
257,WS20006,Molasses Reef,MR,,2020-01-06T20:46:00Z,1/6/20,20:46:00,-80.38,25.01,200,0.5,5.0,0,319.4,319.4,0.245,78.3,0.5,0.20,0.26,15.4,,,,
258,WS20006,Molasses Reef,MR,,2020-01-06T20:46:00Z,1/6/20,20:46:00,-80.38,25.01,500,0.5,5.0,0,319.4,319.4,0.245,78.3,0.5,0.20,0.26,15.4,,,,
259,WS20006,Looe Key (deep),LK,,2020-01-07T10:43:00Z,1/7/20,10:43:00,-81.413,24.538,64,0.5,2.0,10,372.1,362.1,0.245,88.7,0.6,0.28,0.74,25.1,,,,
260,WS20006,Looe Key (deep),LK,,2020-01-07T10:48:00Z,1/7/20,10:48:00,-81.413,24.538,200,0.5,5.0,0,200.5,200.5,0.245,49.1,0.5,0.20,0.16,9.6,,,,
261,WS20006,Looe Key (deep),LK,,2020-01-07T10:48:00Z,1/7/20,10:48:00,-81.413,24.538,500,0.5,5.0,0,200.5,200.5,0.245,49.1,0.5,0.20,0.16,9.6,,,,
262,WS20006,Western Sambo,WS,,2020-01-07T14:12:00Z,1/7/20,14:12:00,-81.717,24.478,64,0.5,2.0,0,235.8,235.8,0.245,57.8,0.6,0.28,0.48,16.3,,,,
263,WS20006,Western Sambo,WS,,2020-01-07T14:16:00Z,1/7/20,14:16:00,-81.717,24.478,200,0.5,5.0,0,201,201,0.245,49.2,0.5,0.20,0.16,9.7,,,,
264,WS20006,Western Sambo,WS,,2020-01-07T14:16:00Z,1/7/20,14:16:00,-81.717,24.478,500,0.5,5.0,0,201,201,0.245,49.2,0.5,0.20,0.16,9.7,,,,
265,WS20006,57,57,,2020-01-10T16:26:00Z,1/10/20,16:26:00,-81.265,25.35167,64,0.5,2.0,0,298,298,0.245,73.0,0.6,0.28,0.61,20.6,,,,
266,WS20006,54,54,,2020-01-10T17:07:00Z,1/10/20,17:07:00,-81.1528,25.34533,64,0.5,2.0,0,24.8,24.8,0.245,6.1,0.6,0.28,0.05,1.7,,,,
267,WS20230,Molasses Reef,MR,,2020-08-18T22:35:00Z,8/18/20,22:35:00,-80.38,25.01,200,0.5,2.0,0,511.3,511.3,0.245,125.3,0.5,0.20,1.04,24.6,,,,
268,WS20230,Molasses Reef,MR,,2020-08-18T22:35:00Z,8/18/20,22:35:00,-80.38,25.01,500,0.5,2.0,0,511.3,511.3,0.245,125.3,0.5,0.20,1.04,24.6,,,,
269,WS20230,Molasses Reef,MR,,2020-08-18T22:41:00Z,8/18/20,22:41:00,-80.38,25.01,64,0.5,2.0,0,195.3,195.3,0.245,47.8,0.6,0.28,0.40,13.5,,,,
270,WS20230,Looe Key (deep),LK,,2020-08-19T12:18:00Z,8/19/20,12:18:00,-81.413,24.538,64,0.5,2.0,0,375.7,375.7,0.245,92.0,0.6,0.28,0.77,26.0,,,,
271,WS20230,Looe Key (deep),LK,,2020-08-19T12:23:00Z,8/19/20,12:23:00,-81.413,24.538,200,0.5,2.0,0,463.5,463.5,0.245,113.6,0.5,0.20,0.95,22.3,,,,
272,WS20230,Looe Key (deep),LK,,2020-08-19T12:23:00Z,8/19/20,12:23:00,-81.413,24.538,500,0.5,2.0,0,463.5,463.5,0.245,113.6,0.5,0.20,0.95,22.3,,,,
273,WS20230,Western Sambo,WS,,2020-08-19T15:18:00Z,8/19/20,15:18:00,-81.717,24.478,64,0.5,2.0,0,400.5,400.5,0.245,98.1,0.6,0.28,0.82,27.7,335,,,
274,WS20230,Western Sambo,WS,,2020-08-19T15:23:00Z,8/19/20,15:23:00,-81.717,24.478,200,0.5,2.0,0,305.3,305.3,0.245,74.8,0.5,0.20,0.62,14.7,,,,
275,WS20230,Western Sambo,WS,,2020-08-19T15:23:00Z,8/19/20,15:23:00,-81.717,24.478,500,0.5,2.0,0,305.3,305.3,0.245,74.8,0.5,0.20,0.62,14.7,,,,
276,WS20230,54,54,,2020-08-21T22:15:00Z,8/21/20,22:15:00,-81.1528,25.34533,64,0.5,1.0,0,12.5,12.5,0.245,3.1,0.6,0.28,0.05,0.9,,,,
277,WS20230,57,57,,2020-08-21T22:15:00Z,8/21/20,22:15:00,-81.265,25.35167,64,0.5,1.0,0,337.5,337.5,0.245,82.7,0.6,0.28,1.38,23.4,255,,,
278,WS20342,54,54,,2020-12-09T09:50:00Z,12/9/20,9:50:00,-81.1528,25.34533,64,0.5,2.0,0,272,272,0.245,66.6,0.6,0.28,0.56,18.8,,,,
279,WS20342,57,57,,2020-12-09T11:15:00Z,12/9/20,11:15:00,-81.265,25.35167,64,0.5,1.0,272,611.2,339.2,0.245,83.1,0.6,0.28,1.39,23.5,,,,
280,WS21277,Molasses Reef,MR,,2021-10-05T20:32:00Z,10/5/21,20:32:00,-80.38,25.01,64,0.5,5.0,100,1496.8,1396.8,0.245,342.2,0.6,0.28,1.14,96.8,,,,
281,WS21277,Molasses Reef,MR,,2021-10-05T20:49:00Z,10/5/21,20:49:00,-80.38,25.01,200,0.5,5.0,400,2101.5,1701.5,0.245,416.9,0.5,0.20,1.39,81.9,,,,
282,WS21277,Molasses Reef,MR,,2021-10-05T20:49:00Z,10/5/21,20:49:00,-80.38,25.01,500,0.5,5.0,400,2101.5,1701.5,0.245,416.9,0.5,0.20,1.39,81.9,,,,
283,WS21277,Looe Key (deep),LK,,2021-10-06T11:48:00Z,10/6/21,11:48:00,-81.413,24.538,200,0.5,2.0,0,81.9,81.9,0.245,20.1,0.5,0.20,0.17,3.9,,"flowmeter may be inaccurate, read 22819",,
284,WS21277,Looe Key (deep),LK,,2021-10-06T11:48:00Z,10/6/21,11:48:00,-81.413,24.538,500,0.5,2.0,0,81.9,81.9,0.245,20.1,0.5,0.20,0.17,3.9,,"flowmeter may be inaccurate, read 22819",,
285,WS21277,Looe Key (deep),LK,,2021-10-06T12:00:00Z,10/6/21,12:00:00,-81.413,24.538,64,0.5,2.0,0,25.1,25.1,0.245,6.1,0.6,0.28,0.05,1.7,,,,
286,WS21277,Western Sambo,WS,,2021-10-06T15:19:00Z,10/6/21,15:19:00,-81.717,24.478,64,0.5,2.0,0,478.9,478.9,0.245,117.3,0.6,0.28,0.98,33.2,450,,,
287,WS21277,Western Sambo,WS,,2021-10-06T15:19:00Z,10/6/21,15:19:00,-81.717,24.478,200,0.5,2.0,0,749.2,749.2,0.245,183.6,0.5,0.20,1.53,36.0,,,,
288,WS21277,Western Sambo,WS,,2021-10-06T15:19:00Z,10/6/21,15:19:00,-81.717,24.478,500,0.5,2.0,0,749.2,749.2,0.245,183.6,0.5,0.20,1.53,36.0,,,,
289,WS21277,54,54,,2021-10-10T11:24:00Z,10/10/21,11:24:00,-81.1528,25.34533,64,0.5,1.0,0,11.2,11.2,0.245,2.7,0.6,0.28,0.05,0.8,435,,,
290,WS21277,57,57,,2021-10-10T12:54:00Z,10/10/21,12:54:00,-81.265,25.35167,64,0.5,1.0,0,201.5,201.5,0.245,49.4,0.6,0.28,0.82,14.0,,,,
291,WS21338,Molasses Reef,MR,,2021-12-04T21:19:00Z,12/4/21,21:19:00,-80.38,25.01,64,0.5,2.0,0,430.4,430.4,0.245,105.4,0.6,0.28,0.88,29.8,330,,,
292,WS21338,Molasses Reef,MR,,2021-12-04T21:24:00Z,12/4/21,21:24:00,-80.38,25.01,200,0.5,2.0,0,554.3,554.3,0.245,135.8,0.5,0.20,1.13,26.7,,,,
293,WS21338,Molasses Reef,MR,,2021-12-04T21:24:00Z,12/4/21,21:24:00,-80.38,25.01,500,0.5,2.0,0,554.3,554.3,0.245,135.8,0.5,0.20,1.13,26.7,,,,
294,WS21338,Looe Key (deep),LK,,2021-12-05T12:13:00Z,12/5/21,12:13:00,-81.413,24.538,64,0.5,2.0,0,398.2,398.2,0.245,97.6,0.6,0.28,0.81,27.6,505,,,
295,WS21338,Looe Key (deep),LK,,2021-12-05T12:19:00Z,12/5/21,12:19:00,-81.413,24.538,200,0.5,2.0,0,928.1,928.1,0.245,227.4,0.5,0.20,1.89,44.6,,,,
296,WS21338,Looe Key (deep),LK,,2021-12-05T12:19:00Z,12/5/21,12:19:00,-81.413,24.538,500,0.5,2.0,0,928.1,928.1,0.245,227.4,0.5,0.20,1.89,44.6,,,,
297,WS21338,Western Sambo,WS,,2021-12-05T15:53:00Z,12/5/21,15:53:00,-81.717,24.478,200,0.5,2.0,0,375.6,375.6,0.245,92.0,0.5,0.20,0.77,18.1,,,,
298,WS21338,Western Sambo,WS,,2021-12-05T15:53:00Z,12/5/21,15:53:00,-81.717,24.478,500,0.5,2.0,0,375.6,375.6,0.245,92.0,0.5,0.20,0.77,18.1,,,,
299,WS21338,Western Sambo,WS,,2021-12-05T15:58:00Z,12/5/21,15:58:00,-81.717,24.478,64,0.5,2.0,0,344.5,344.5,0.245,84.4,0.6,0.28,0.70,23.9,,,,
300,WS21338,54,54,,2021-12-09T13:56:00Z,12/9/21,13:56:00,-81.1528,25.34533,64,0.5,2.0,0,116,116,0.245,28.4,0.6,0.28,0.24,8.0,,,,
301,WS21338,57,57,,2021-12-09T15:16:00Z,12/9/21,15:16:00,-81.265,25.35167,64,0.5,2.0,0,208.4,208.4,0.245,51.1,0.6,0.28,0.43,14.4,,,,
302,WS22022,Molasses Reef,MR,,2022-01-22T22:30:00Z,1/22/22,22:30:00,-80.38,25.01,200,0.5,2.0,0,230.6,230.6,0.245,56.5,0.5,0.20,0.47,11.1,,seagrass in cups,,
303,WS22022,Molasses Reef,MR,,2022-01-22T22:30:00Z,1/22/22,22:30:00,-80.38,25.01,500,0.5,2.0,0,230.6,230.6,0.245,56.5,0.5,0.20,0.47,11.1,,seagrass in cups,,
304,WS22022,Molasses Reef,MR,,2022-01-22T22:34:00Z,1/22/22,22:34:00,-80.38,25.01,64,0.5,2.0,0,34.6,34.6,0.245,8.5,0.6,0.28,0.07,2.4,440,,,
305,WS22022,Looe Key (deep),LK,,2022-01-23T12:20:00Z,1/23/22,12:20:00,-81.413,24.538,200,0.5,2.0,0,338.4,338.4,0.245,82.9,0.5,0.20,0.69,16.3,,,,
306,WS22022,Looe Key (deep),LK,,2022-01-23T12:20:00Z,1/23/22,12:20:00,-81.413,24.538,500,0.5,2.0,0,338.4,338.4,0.245,82.9,0.5,0.20,0.69,16.3,,,,
307,WS22022,Looe Key (deep),LK,,2022-01-23T12:24:00Z,1/23/22,12:24:00,-81.413,24.538,64,0.5,2.0,0,217,217,0.245,53.2,0.6,0.28,0.44,15.0,425,,,
308,WS22022,Western Sambo,WS,,2022-01-23T15:24:00Z,1/23/22,15:24:00,-81.717,24.478,200,0.5,2.0,0,357.2,357.2,0.245,87.5,0.5,0.20,0.73,17.2,,,,
309,WS22022,Western Sambo,WS,,2022-01-23T15:24:00Z,1/23/22,15:24:00,-81.717,24.478,500,0.5,2.0,0,357.2,357.2,0.245,87.5,0.5,0.20,0.73,17.2,,,,
310,WS22022,Western Sambo,WS,,2022-01-23T15:28:00Z,1/23/22,15:28:00,-81.717,24.478,64,0.5,2.0,0,374.3,374.3,0.245,91.7,0.6,0.28,0.76,25.9,350,,,
311,WS22022,54,54,,2022-01-27T17:55:00Z,1/27/22,17:55:00,-81.1528,25.34533,64,0.5,2.0,0,134.7,134.7,0.245,33.0,0.6,0.28,0.28,9.3,,,,
312,WS22022,57,57,,2022-01-27T19:46:00Z,1/27/22,19:46:00,-81.265,25.35167,64,0.5,2.0,0,180.2,180.2,0.245,44.1,0.6,0.28,0.37,12.5,700,sediment kicked up,,
313,WS22072,57,57,,2022-03-14T14:00:00Z,3/14/22,14:00:00,-81.265,25.35167,64,0.5,2.0,0,383.7,383.7,0.245,94.0,0.6,0.28,0.78,26.6,425,,,
314,WS22072,54,54,,2022-03-14T15:25:00Z,3/14/22,15:25:00,-81.1528,25.34533,64,0.5,2.0,0,88.6,88.6,0.245,21.7,0.6,0.28,0.18,6.1,295,,,
315,WS22072,Western Sambo,WS,,2022-03-18T18:30:00Z,3/18/22,18:30:00,-81.717,24.478,64,0.5,2.0,0,367.4,367.4,0.245,90.0,0.6,0.28,0.75,25.5,445,,,
316,WS22072,Western Sambo,WS,,2022-03-18T18:35:00Z,3/18/22,18:35:00,-81.717,24.478,200,0.5,2.0,0,660.5,660.5,0.245,161.8,0.5,0.20,1.35,31.8,,,,
317,WS22072,Western Sambo,WS,,2022-03-18T18:35:00Z,3/18/22,18:35:00,-81.717,24.478,500,0.5,2.0,0,660.5,660.5,0.245,161.8,0.5,0.20,1.35,31.8,,,,
318,WS22072,Looe Key (deep),LK,,2022-03-18T21:45:00Z,3/18/22,21:45:00,-81.413,24.538,64,0.5,2.0,0,546.9,546.9,0.245,134.0,0.6,0.28,1.12,37.9,320,,,
319,WS22072,Looe Key (deep),LK,,2022-03-18T21:48:00Z,3/18/22,21:48:00,-81.413,24.538,200,0.5,2.0,0,642.7,642.7,0.245,157.5,0.5,0.20,1.31,30.9,,,,
320,WS22072,Looe Key (deep),LK,,2022-03-18T21:48:00Z,3/18/22,21:48:00,-81.413,24.538,500,0.5,2.0,0,642.7,642.7,0.245,157.5,0.5,0.20,1.31,30.9,,,,
321,WS22072,Molasses Reef,MR,,2022-03-19T11:35:00Z,3/19/22,11:35:00,-80.38,25.01,64,0.5,2.0,0,493.3,493.3,0.245,120.9,0.6,0.28,1.01,34.2,305,,,
322,WS22072,Molasses Reef,MR,,2022-03-19T11:40:00Z,3/19/22,11:40:00,-80.38,25.01,200,0.5,2.0,0,639.5,639.5,0.245,156.7,0.5,0.20,1.31,30.8,,"read 226395, but probably 6395",,
323,WS22072,Molasses Reef,MR,,2022-03-19T11:40:00Z,3/19/22,11:40:00,-80.38,25.01,500,0.5,2.0,0,639.5,639.5,0.245,156.7,0.5,0.20,1.31,30.8,,"read 226395, but probably 6395",,
324,WS22141,Molasses Reef,MR,,2022-05-21T18:25:00Z,5/21/22,18:25:00,-80.38,25.01,64,0.5,2.0,0,567.4,567.4,0.245,139.0,0.6,0.28,1.16,39.3,325,,,
325,WS22141,Molasses Reef,MR,,2022-05-21T19:20:00Z,5/21/22,19:20:00,-80.38,25.01,200,0.5,2.0,0,45.3,45.3,0.245,11.1,0.5,0.20,0.09,2.2,,,,
326,WS22141,Molasses Reef,MR,,2022-05-21T19:20:00Z,5/21/22,19:20:00,-80.38,25.01,500,0.5,2.0,0,45.3,45.3,0.245,11.1,0.5,0.20,0.09,2.2,,,,
327,WS22141,Looe Key (deep),LK,,2022-05-22T10:52:00Z,5/22/22,10:52:00,-81.413,24.538,64,0.5,2.0,0,459.2,459.2,0.245,112.5,0.6,0.28,0.94,31.8,425,"Not exact time, off by ~10 - 15 min",,
328,WS22141,Looe Key (deep),LK,,2022-05-22T10:52:00Z,5/22/22,10:52:00,-81.413,24.538,200,0.5,2.0,0,798.4,798.4,0.245,195.6,0.5,0.20,1.63,38.4,,"Not exact time, off by ~10 - 15 min",,
329,WS22141,Looe Key (deep),LK,,2022-05-22T10:52:00Z,5/22/22,10:52:00,-81.413,24.538,500,0.5,2.0,0,798.4,798.4,0.245,195.6,0.5,0.20,1.63,38.4,,"Not exact time, off by ~10 - 15 min",,
330,WS22141,Western Sambo,WS,,2022-05-22T16:16:00Z,5/22/22,16:16:00,-81.717,24.478,64,0.5,2.0,0,571.4,571.4,0.245,140.0,0.6,0.28,1.17,39.6,415,,,
331,WS22141,57,57,,2022-05-26T23:25:00Z,5/26/22,23:25:00,-81.265,25.35167,64,0.5,2.0,0,205.1,205.1,0.245,50.2,0.6,0.28,0.42,14.2,,,,
332,WS22141,54,54,,2022-05-27T00:59:00Z,5/27/22,0:59:00,-81.1528,25.34533,64,0.5,2.0,0,78.1,78.1,0.245,19.1,0.6,0.28,0.16,5.4,500,,,
333,WS22281,Molasses Reef,MR,,2022-10-08T17:50:00Z,10/8/22,17:50:00,-80.38,25.01,200,0.5,2.0,0,8030,8030,0.026873,215.8,0.5,0.20,1.80,42.4,,"20 m depth, different inpeller constant; 26873/999999",,
334,WS22281,Molasses Reef,MR,,2022-10-08T17:50:00Z,10/8/22,17:50:00,-80.38,25.01,500,0.5,2.0,0,8030,8030,0.026873,215.8,0.5,0.20,1.80,42.4,,"20 m depth, different inpeller constant; 26873/999999",,
335,WS22281,Molasses Reef,MR,,2022-10-08T17:55:00Z,10/8/22,17:55:00,-80.38,25.01,64,0.5,2.0,0,273.2,273.2,0.245,66.9,0.6,0.28,0.56,18.9,445,20 m depth,,
336,WS22281,Looe Key (deep),LK,,2022-10-09T07:33:00Z,10/9/22,7:33:00,-81.413,24.538,64,0.5,2.3,0,436.8,436.8,0.245,107.0,0.6,0.28,0.78,30.3,700,20 m depth,,
337,WS22281,Looe Key (deep),LK,,2022-10-09T07:33:00Z,10/9/22,7:33:00,-81.413,24.538,200,0.5,2.3,3671,79513,75842,0.026873,2038.1,0.5,0.20,15.10,400.2,,"20 m depth, different inpeller constant; 26873/999999",,
338,WS22281,Looe Key (deep),LK,,2022-10-09T07:33:00Z,10/9/22,7:33:00,-81.413,24.538,500,0.5,2.3,3671,79513,75842,0.026873,2038.1,0.5,0.20,15.10,400.2,,"20 m depth, different inpeller constant; 26873/999999",,
339,WS22281,Western Sambo,WS,,2022-10-09T11:00:00Z,10/9/22,11:00:00,-81.717,24.478,64,0.5,2.0,0,438.6,438.6,0.245,107.5,0.6,0.28,0.90,30.4,370,15 m depth,,
340,WS22281,Western Sambo,WS,,2022-10-09T11:05:00Z,10/9/22,11:05:00,-81.717,24.478,200,0.5,2.0,0,5120,5120,0.026873,137.6,0.5,0.20,1.15,27.0,,"15 m depth, different inpeller constant; 26873/999999",,
341,WS22281,Western Sambo,WS,,2022-10-09T11:05:00Z,10/9/22,11:05:00,-81.717,24.478,500,0.5,2.0,0,5120,5120,0.026873,137.6,0.5,0.20,1.15,27.0,,"15 m depth, different inpeller constant; 26873/999999",,
342,WS22281,57,57,,2022-10-13T00:30:00Z,10/13/22,0:30:00,-81.265,25.35167,64,0.5,2.0,0,321.9,321.9,0.245,78.9,0.6,0.28,0.66,22.3,310,,,
343,WS22281,54,54,,2022-10-13T22:48:00Z,10/13/22,22:48:00,-81.1528,25.34533,64,0.5,2.0,0,85.9,85.9,0.245,21.0,0.6,0.28,0.18,6.0,320,migh be unreliable,,
344,WS22337,57,57,,2022-12-04T11:34:00Z,12/4/22,11:34:00,-81.265,25.35167,64,0.5,2.0,0,624.2,624.2,0.245,152.9,0.6,0.28,1.27,43.2,455,,,
345,WS22337,54,54,,2022-12-04T13:00:00Z,12/4/22,13:00:00,-81.1528,25.34533,64,0.5,2.0,0,58,58,0.245,14.2,0.6,0.28,0.12,4.0,375,,,
346,WS22337,Looe Key (deep),LK,,2022-12-08T16:40:00Z,12/8/22,16:40:00,-81.413,24.538,64,0.5,2.0,0,624.6,624.6,0.245,153.0,0.6,0.28,1.28,43.3,300,,,
347,WS22337,Looe Key (deep),LK,,2022-12-08T16:46:00Z,12/8/22,16:46:00,-81.413,24.538,200,0.5,2.0,0,7124,7124,0.02687,191.4,0.5,0.20,1.60,37.6,,new inpeller constant; 26873/999999,,
348,WS22337,Looe Key (deep),LK,,2022-12-08T16:46:00Z,12/8/22,16:46:00,-81.413,24.538,500,0.5,2.0,0,7124,7124,0.02687,191.4,0.5,0.20,1.60,37.6,,new inpeller constant; 26873/999999,,
349,WS22337,Western Sambo,WS,,2022-12-08T18:50:00Z,12/8/22,18:50:00,-81.717,24.478,200,0.5,2.0,0,5658,5658,0.02687,152.0,0.5,0.20,1.27,29.9,,new inpeller constant; 26873/999999,,
350,WS22337,Western Sambo,WS,,2022-12-08T18:50:00Z,12/8/22,18:50:00,-81.717,24.478,500,0.5,2.0,0,5658,5658,0.02687,152.0,0.5,0.20,1.27,29.9,,new inpeller constant; 26873/999999,,
351,WS22337,Western Sambo,WS,,2022-12-08T18:55:00Z,12/8/22,18:55:00,-81.717,24.478,64,0.5,2.0,0,414.2,414.2,0.245,101.5,0.6,0.28,0.85,28.7,380,,,
352,WS22337,Molasses Reef,MR,,2022-12-09T12:35:00Z,12/9/22,12:35:00,-80.38,25.01,200,0.5,2.0,0,7536,7536,0.02687,202.5,0.5,0.20,1.69,39.8,,new inpeller constant; 26873/999999,,
353,WS22337,Molasses Reef,MR,,2022-12-09T12:35:00Z,12/9/22,12:35:00,-80.38,25.01,500,0.5,2.0,0,7536,7536,0.02687,202.5,0.5,0.20,1.69,39.8,,new inpeller constant; 26873/999999,,
354,WS22337,Molasses Reef,MR,,2022-12-09T12:40:00Z,12/9/22,12:40:00,-80.38,25.01,64,0.5,2.0,0,511.1,511.1,0.245,125.2,0.6,0.28,1.04,35.4,280,,,
355,WS23011,Looe Key (deep),LK,,2023-01-11T16:10:00Z,1/11/23,16:10:00,-81.413,24.538,200,0.5,2.0,0,9219,9219,0.02687,247.7,0.5,0.20,2.06,48.6,,new inpeller constant; 26873/999999,,
356,WS23011,Looe Key (deep),LK,,2023-01-11T16:10:00Z,1/11/23,16:10:00,-81.413,24.538,500,0.5,2.0,0,9219,9219,0.02687,247.7,0.5,0.20,2.06,48.6,,new inpeller constant; 26873/999999,,
357,WS23011,Looe Key (deep),LK,,2023-01-11T16:15:00Z,1/11/23,16:15:00,-81.413,24.538,64,0.5,2.0,0,937.9,937.9,0.245,229.8,0.6,0.28,1.91,65.0,615,Both nets caught in trap,,
358,WS23011,Western Sambo,WS,,2023-01-11T19:00:00Z,1/11/23,19:00:00,-81.717,24.478,64,0.5,2.0,0,798.8,798.8,0.245,195.7,0.6,0.28,1.63,55.3,502,Sea lice,,
359,WS23011,Western Sambo,WS,,2023-01-11T19:05:00Z,1/11/23,19:05:00,-81.717,24.478,200,0.5,2.0,0,9237,9237,0.02687,248.2,0.5,0.20,2.07,48.7,,new inpeller constant; 26873/999999,,
360,WS23011,Western Sambo,WS,,2023-01-11T19:05:00Z,1/11/23,19:05:00,-81.717,24.478,500,0.5,2.0,0,9237,9237,0.02687,248.2,0.5,0.20,2.07,48.7,,new inpeller constant; 26873/999999,,
361,WS23011,57,57,,2023-01-16T09:08:00Z,1/16/23,9:08:00,-81.265,25.35167,64,0.5,1.0,0,207.4,207.4,0.245,50.8,0.6,0.28,0.85,14.4,485,,,
362,WS23011,54,54,,2023-01-16T11:30:00Z,1/16/23,11:30:00,-81.1528,25.34533,64,0.5,1.0,0,115.4,115.4,0.245,28.3,0.6,0.28,0.47,8.0,480,,,
363,WS23011,Molasses Reef,MR,,2023-01-17T12:15:00Z,1/17/23,12:15:00,-80.38,25.01,64,0.5,2.0,0,443.3,443.3,0.245,108.6,0.6,0.28,0.91,30.7,430,,,
364,WS23011,Molasses Reef,MR,,2023-01-17T12:20:00Z,1/17/23,12:20:00,-80.38,25.01,200,0.5,2.0,0,6741,6741,0.02687,181.1,0.5,0.20,1.51,35.6,,new inpeller constant; 26873/999999,,
365,WS23011,Molasses Reef,MR,,2023-01-17T12:20:00Z,1/17/23,12:20:00,-80.38,25.01,500,0.5,2.0,0,6741,6741,0.02687,181.1,0.5,0.20,1.51,35.6,,new inpeller constant; 26873/999999,,
366,WS23061,Molasses Reef,MR,,2023-03-02T18:15:00Z,3/2/23,18:15:00,-80.38,25.01,200,0.5,2.0,0,5861,5861,0.02687,157.5,0.5,0.20,1.31,30.9,,new inpeller constant; 26873/999999,,
367,WS23061,Molasses Reef,MR,,2023-03-02T18:15:00Z,3/2/23,18:15:00,-80.38,25.01,500,0.5,2.0,0,5861,5861,0.02687,157.5,0.5,0.20,1.31,30.9,,new inpeller constant; 26873/999999,,
368,WS23061,Molasses Reef,MR,,2023-03-02T18:20:00Z,3/2/23,18:20:00,-80.38,25.01,64,0.5,2.0,0,541.7,541.7,0.245,132.7,0.6,0.28,1.11,37.5,295,,,
369,WS23061,57,57,,2023-03-03T22:25:00Z,3/3/23,22:25:00,-81.265,25.35167,64,0.5,2.0,0,235.7,235.7,0.245,57.7,0.6,0.28,0.48,16.3,325,,,
370,WS23061,54,54,,2023-03-03T23:52:00Z,3/3/23,23:52:00,-81.1528,25.34533,64,0.5,2.0,0,365.2,365.2,0.245,89.5,0.6,0.28,0.75,25.3,455,,,
371,WS23061,Western Sambo,WS,,2023-03-08T17:30:00Z,3/8/23,17:30:00,-81.717,24.478,64,0.5,2.0,0,534.8,534.8,0.245,131.0,0.6,0.28,1.09,37.0,320,,,
372,WS23061,Western Sambo,WS,,2023-03-08T17:35:00Z,3/8/23,17:35:00,-81.717,24.478,200,0.5,2.0,0,4201,4201,0.02687,112.9,0.5,0.20,0.94,22.2,,new inpeller constant; 26873/999999,,
373,WS23061,Western Sambo,WS,,2023-03-08T17:35:00Z,3/8/23,17:35:00,-81.717,24.478,500,0.5,2.0,0,4201,4201,0.02687,112.9,0.5,0.20,0.94,22.2,,new inpeller constant; 26873/999999,,
374,WS23061,Looe Key (deep),LK,,2023-03-08T20:40:00Z,3/8/23,20:40:00,-81.413,24.538,200,0.5,2.0,0,7571,7571,0.02687,203.4,0.5,0.20,1.70,39.9,,new inpeller constant; 26873/999999,,
375,WS23061,Looe Key (deep),LK,,2023-03-08T20:40:00Z,3/8/23,20:40:00,-81.413,24.538,500,0.5,2.0,0,7571,7571,0.02687,203.4,0.5,0.20,1.70,39.9,,new inpeller constant; 26873/999999,,
376,WS23061,Looe Key (deep),LK,,2023-03-08T20:45:00Z,3/8/23,20:45:00,-81.413,24.538,64,0.5,2.0,0,604.9,604.9,0.245,148.2,0.6,0.28,1.24,41.9,435,,,
377,H23138,54,54,,2023-05-21T21:50:00Z,5/21/23,21:50:00,-81.1528,25.34533,64,0.5,2.0,0,65.9,65.9,0.245,16.1,0.6,0.28,0.13,4.6,435,just below surface,,
378,H23138,57,57,,2023-05-21T23:40:00Z,5/21/23,23:40:00,-81.265,25.35167,64,0.5,2.0,0,168.9,168.9,0.245,41.4,0.6,0.28,0.34,11.7,530,just below surface,,
379,H23138,Molasses Reef,MR,,2023-05-23T03:43:00Z,5/23/23,3:43:00,-80.38,25.01,200,0.5,2.0,0,5560,5560,0.02687,149.4,0.5,0.20,1.24,29.3,,"new inpeller constant; 26873/999999, half down, half up",,
380,H23138,Molasses Reef,MR,,2023-05-23T03:43:00Z,5/23/23,3:43:00,-80.38,25.01,500,0.5,2.0,0,5560,5560,0.02687,149.4,0.5,0.20,1.24,29.3,,"new inpeller constant; 26873/999999, half down, half up",,
381,H23138,Molasses Reef,MR,,2023-05-23T04:10:00Z,5/23/23,4:10:00,-80.38,25.01,64,0.5,1.7,0,283.1,283.1,0.245,69.4,0.6,0.28,0.69,19.6,542,"half down, half up",,
382,H23138,Looe Key (deep),LK,,2023-05-23T23:25:00Z,5/23/23,23:25:00,-81.413,24.538,200,0.5,2.8,0,8078,8078,0.02687,217.1,0.5,0.20,1.32,42.6,,"new inpeller constant; 26873/999999, half down, half up",,
383,H23138,Looe Key (deep),LK,,2023-05-23T23:25:00Z,5/23/23,23:25:00,-81.413,24.538,500,0.5,2.8,0,8078,8078,0.02687,217.1,0.5,0.20,1.32,42.6,,"new inpeller constant; 26873/999999, half down, half up",,
384,H23138,Looe Key (deep),LK,,2023-05-23T23:43:00Z,5/23/23,23:43:00,-81.413,24.538,64,0.5,2.8,0,582.1,582.1,0.245,142.6,0.6,0.28,0.86,40.3,584,"half down, half up",,
385,H23138,Western Sambo,WS,,2023-05-24T02:23:00Z,5/24/23,2:23:00,-81.717,24.478,64,0.5,2.8,0,323.4,323.4,0.245,79.2,0.6,0.28,0.48,22.4,465,"had sand in them, half down, half up",,
386,H23138,Western Sambo,WS,,2023-05-24T02:28:00Z,5/24/23,2:28:00,-81.717,24.478,200,0.5,3.8,0,8687,8687,0.02687,233.4,0.5,0.20,1.04,45.8,,"new inpeller constant; 26873/999999, had sand in them, half down, half up",,
387,H23138,Western Sambo,WS,,2023-05-24T02:28:00Z,5/24/23,2:28:00,-81.717,24.478,500,0.5,3.8,0,8687,8687,0.02687,233.4,0.5,0.20,1.04,45.8,,"new inpeller constant; 26873/999999, had sand in them, half down, half up",,
388,WS23203,Molasses Reef,MR,,2023-07-22T17:17:00Z,7/22/23,17:17:00,-80.38,25.01,200,0.5,2.0,0,10241,10241,0.02687,275.2,0.5,0.20,2.29,54.0,,new inpeller constant; 26873/999999,,
389,WS23203,Molasses Reef,MR,,2023-07-22T17:17:00Z,7/22/23,17:17:00,-80.38,25.01,500,0.5,2.0,0,10241,10241,0.02687,275.2,0.5,0.20,2.29,54.0,,new inpeller constant; 26873/999999,,
390,WS23203,Molasses Reef,MR,,2023-07-22T17:22:00Z,7/22/23,17:22:00,-80.38,25.01,64,0.5,2.0,0,714.6,714.6,0.245,175.1,0.6,0.28,1.46,49.5,332,,,
391,WS23203,Looe Key (deep),LK,,2023-07-23T06:50:00Z,7/23/23,6:50:00,-81.413,24.538,200,0.5,3.0,0,8406,8406,0.02687,225.9,0.5,0.20,1.25,44.3,,new inpeller constant; 26873/999999,,
392,WS23203,Looe Key (deep),LK,,2023-07-23T06:50:00Z,7/23/23,6:50:00,-81.413,24.538,500,0.5,3.0,0,8406,8406,0.02687,225.9,0.5,0.20,1.25,44.3,,new inpeller constant; 26873/999999,,
393,WS23203,Looe Key (deep),LK,,2023-07-23T07:00:00Z,7/23/23,7:00:00,-81.413,24.538,64,0.5,3.5,0,446.8,446.8,0.245,109.5,0.6,0.28,0.52,31.0,380,,,
394,WS23203,Western Sambo,WS,,2023-07-23T09:50:00Z,7/23/23,9:50:00,-81.717,24.478,200,0.5,2.0,0,15498,15498,0.02687,416.4,0.5,0.20,3.47,81.8,,new inpeller constant; 26873/999999; rinsed nets with freshwater because saltwater pump not working,,
395,WS23203,Western Sambo,WS,,2023-07-23T09:50:00Z,7/23/23,9:50:00,-81.717,24.478,500,0.5,2.0,0,15498,15498,0.02687,416.4,0.5,0.20,3.47,81.8,,new inpeller constant; 26873/999999; rinsed nets with freshwater because saltwater pump not working,,
396,WS23203,Western Sambo,WS,,2023-07-23T09:55:00Z,7/23/23,9:55:00,-81.717,24.478,64,0.5,2.0,0,554.9,554.9,0.245,136.0,0.6,0.28,1.13,38.4,510,rinsed nets with freshwater because saltwater pump not working,,
397,WS23203,54,54,,2023-07-27T16:40:00Z,7/27/23,16:40:00,-81.1528,25.34533,64,0.5,2.0,0,64.9,64.9,0.245,15.9,0.6,0.28,0.13,4.5,,"very silty, like a sludge",,
398,WS23203,57,57,,2023-07-27T18:00:00Z,7/27/23,18:00:00,-81.265,25.35167,64,0.5,2.0,0,58.4,58.4,0.245,14.3,0.6,0.28,0.12,4.0,499,thick,,
399,WS23259,Molasses Reef,MR,,2023-09-16T19:25:00Z,9/16/23,19:25:00,-80.38,25.01,200,0.5,2.0,0,11950,11950,0.02687,321.1,0.5,0.20,2.68,63.0,,new inpeller constant; 26873/999999,,
400,WS23259,Molasses Reef,MR,,2023-09-16T19:25:00Z,9/16/23,19:25:00,-80.38,25.01,500,0.5,2.0,0,11950,11950,0.02687,321.1,0.5,0.20,2.68,63.0,,new inpeller constant; 26873/999999,,
401,WS23259,Molasses Reef,MR,,2023-09-16T19:30:00Z,9/16/23,19:30:00,-80.38,25.01,64,0.5,2.0,0,722.5,722.5,0.245,177.0,0.6,0.28,1.48,50.0,420,,,
402,WS23259,Looe Key (deep),LK,,2023-09-17T12:30:00Z,9/17/23,12:30:00,-81.413,24.538,64,0.5,2.0,0,231.1,231.1,0.245,56.6,0.6,0.28,0.47,16.0,430,,,
403,WS23259,Looe Key (deep),LK,,2023-09-17T12:33:00Z,9/17/23,12:33:00,-81.413,24.538,200,0.5,2.0,0,3945,3945,0.02687,106.0,0.5,0.20,0.88,20.8,,new inpeller constant; 26873/999999,,
404,WS23259,Looe Key (deep),LK,,2023-09-17T12:33:00Z,9/17/23,12:33:00,-81.413,24.538,500,0.5,2.0,0,3945,3945,0.02687,106.0,0.5,0.20,0.88,20.8,,new inpeller constant; 26873/999999,,
405,WS23259,Western Sambo,WS,,2023-09-17T15:20:00Z,9/17/23,15:20:00,-81.717,24.478,200,0.5,2.0,0,4466,4466,0.02687,120.0,0.5,0.20,1.00,23.6,,new inpeller constant; 26873/999999,,
406,WS23259,Western Sambo,WS,,2023-09-17T15:20:00Z,9/17/23,15:20:00,-81.717,24.478,500,0.5,2.0,0,4466,4466,0.02687,120.0,0.5,0.20,1.00,23.6,,new inpeller constant; 26873/999999,,
407,WS23259,Western Sambo,WS,,2023-09-17T15:25:00Z,9/17/23,15:25:00,-81.717,24.478,64,0.5,2.0,0,389.1,389.1,0.245,95.3,0.6,0.28,0.79,27.0,471,,,
408,WS23259,54,54,,2023-09-22T02:45:00Z,9/22/23,2:45:00,-81.1528,25.34533,64,0.5,2.1,0,102.7,102.7,0.245,25.2,0.6,0.28,0.20,7.1,265,,,
409,WS23259,57,57,,2023-09-22T04:15:00Z,9/22/23,4:15:00,-81.265,25.35167,64,0.5,2.3,0,486.7,486.7,0.245,119.2,0.6,0.28,0.85,33.7,,,,
410,H23314,57,57,,2023-11-13T15:50:00Z,11/13/23,15:50:00,-81.265,25.35167,64,0.5,2.0,0,606,606,0.245,148.5,0.6,0.28,1.24,42.0,470,,,
411,H23314,54,54,,2023-11-13T17:20:00Z,11/13/23,17:20:00,-81.1528,25.34533,64,0.5,2.0,0,208.9,208.9,0.245,51.2,0.6,0.28,0.43,14.5,344,,,
412,H23314,Molasses Reef,MR,,2023-11-15T01:40:00Z,11/15/23,1:40:00,-80.38,25.01,200,0.5,2.0,63500,71389,7889,0.02687,212.0,0.5,0.20,1.77,41.6,,new inpeller constant; 26873/999999,,
413,H23314,Molasses Reef,MR,,2023-11-15T01:40:00Z,11/15/23,1:40:00,-80.38,25.01,500,0.5,2.0,63500,71389,7889,0.02687,212.0,0.5,0.20,1.77,41.6,,new inpeller constant; 26873/999999,,
414,H23314,Molasses Reef,MR,,2023-11-15T01:45:00Z,11/15/23,1:45:00,-80.38,25.01,64,0.5,2.0,0,358.1,358.1,0.245,87.7,0.6,0.28,0.73,24.8,337,,,
415,HG24013,54,54,,2024-01-14T20:35:00Z,1/14/24,20:35:00,-81.1528,25.34533,64,0.5,2.0,0,78.4,78.4,0.245,19.2,0.6,0.28,0.16,5.4,310,,,
416,HG24013,57,57,,2024-01-14T21:57:00Z,1/14/24,21:57:00,-81.265,25.35167,64,0.5,2.0,0,203.6,203.6,0.245,49.9,0.6,0.28,0.42,14.1,506,,,
417,HG24013,Looe Key (deep),LK,,2024-01-16T09:35:00Z,1/16/24,9:35:00,-81.413,24.538,64,0.5,2.0,0,422.1,422.1,0.245,103.4,0.6,0.28,0.86,29.2,326,,,
418,HG24013,Looe Key (deep),LK,,2024-01-16T09:39:00Z,1/16/24,9:39:00,-81.413,24.538,200,0.5,2.0,0,3906,3906,0.02687,105.0,0.5,0.20,0.87,20.6,,new inpeller constant; 26873/999999,,
419,HG24013,Looe Key (deep),LK,,2024-01-16T09:39:00Z,1/16/24,9:39:00,-81.413,24.538,500,0.5,2.0,0,3906,3906,0.02687,105.0,0.5,0.20,0.87,20.6,,new inpeller constant; 26873/999999,,
420,HG24013,Western Sambo,WS,,2024-01-16T11:56:00Z,1/16/24,11:56:00,-81.717,24.478,200,0.5,2.0,0,7540,7540,0.02687,202.6,0.5,0.20,1.69,39.8,,new inpeller constant; 26873/999999,,
421,HG24013,Western Sambo,WS,,2024-01-16T11:56:00Z,1/16/24,11:56:00,-81.717,24.478,500,0.5,2.0,0,7540,7540,0.02687,202.6,0.5,0.20,1.69,39.8,,new inpeller constant; 26873/999999,,
422,HG24013,Western Sambo,WS,,2024-01-16T11:59:00Z,1/16/24,11:59:00,-81.717,24.478,64,0.5,2.0,0,585.4,585.4,0.245,143.4,0.6,0.28,1.20,40.6,317,"may be 5554 or 5854, handwriting was not easy to read",,
423,HG24013,Molasses Reef,MR,,2024-01-15T23:20:00Z,1/15/24,23:20:00,-80.38,25.01,64,0.5,2.0,0,312.7,312.7,0.245,76.6,0.6,0.28,0.64,21.7,291,,,
424,HG24013,Molasses Reef,MR,,2024-01-15T23:25:00Z,1/15/24,23:25:00,-80.38,25.01,200,0.5,2.0,0,6153,6153,0.02687,165.3,0.5,0.20,1.38,32.5,,new inpeller constant; 26873/999999,,
425,HG24013,Molasses Reef,MR,,2024-01-15T23:25:00Z,1/15/24,23:25:00,-80.38,25.01,500,0.5,2.0,0,6153,6153,0.02687,165.3,0.5,0.20,1.38,32.5,,new inpeller constant; 26873/999999,,
426,HG24062,54,54,,2024-03-05T22:10:00Z,3/5/24,22:10:00,-81.1528,25.34533,64,0.5,2.0,0,590.9,590.9,0.245,144.8,0.6,0.28,1.21,40.9,569,Quarter of diameter of net didnt sink,,
427,HG24062,57,57,,2024-03-06T00:08:00Z,3/6/24,0:08:00,-81.265,25.35167,64,0.5,2.0,0,474.8,474.8,0.245,116.3,0.6,0.28,0.97,32.9,522,Heavier weight added and net mostly sunk.,,
428,HG24062,Western Sambo,WS,,2024-03-07T00:15:00Z,3/7/24,0:15:00,-81.717,24.478,64,0.5,2.5,0,486,486,0.245,119.1,0.6,0.28,0.79,33.7,540,,,
429,HG24062,Western Sambo,WS,,2024-03-07T00:20:00Z,3/7/24,0:20:00,-81.717,24.478,200,0.5,3.0,0,6938,6938,0.02687,186.4,0.5,0.20,1.04,36.6,,new inpeller constant; 26873/999999,,
430,HG24062,Western Sambo,WS,,2024-03-07T00:20:00Z,3/7/24,0:20:00,-81.717,24.478,500,0.5,3.0,0,6938,6938,0.02687,186.4,0.5,0.20,1.04,36.6,,new inpeller constant; 26873/999999,,
431,HG24062,Looe Key (deep),LK,,2024-03-07T03:02:00Z,3/7/24,3:02:00,-81.413,24.538,200,0.5,3.0,0,10436,10436,0.02687,280.4,0.5,0.20,1.56,55.1,,new inpeller constant; 26873/999999; 1/4 of 500um vol spilled when folsom spillter fell,,
432,HG24062,Looe Key (deep),LK,,2024-03-07T03:02:00Z,3/7/24,3:02:00,-81.413,24.538,500,0.5,3.0,0,10436,10436,0.02687,280.4,0.5,0.20,1.56,55.1,,new inpeller constant; 26873/999999; 1/4 of 500um vol spilled when folsom spillter fell,,
433,HG24062,Looe Key (deep),LK,,2024-03-07T03:15:00Z,3/7/24,3:15:00,-81.413,24.538,64,0.5,2.5,0,423.4,423.4,0.245,103.7,0.6,0.28,0.69,29.3,490,,,
434,HG24062,Molasses Reef,MR,,2024-03-07T14:53:00Z,3/7/24,14:53:00,-80.38,25.01,200,0.5,2.8,4100,12784,8684,0.02687,233.3,0.5,0.20,1.41,45.8,,new inpeller constant; 26873/999999,,
435,HG24062,Molasses Reef,MR,,2024-03-07T14:53:00Z,3/7/24,14:53:00,-80.38,25.01,500,0.5,2.8,4100,12784,8684,0.02687,233.3,0.5,0.20,1.41,45.8,,new inpeller constant; 26873/999999,,
436,HG24062,Molasses Reef,MR,,2024-03-07T15:00:00Z,3/7/24,15:00:00,-80.38,25.01,64,0.5,2.5,0,490,490,0.245,120.1,0.6,0.28,0.80,33.9,496,,,
437,WS24139,Molasses Reef,MR,,2024-05-18T15:55:00Z,5/18/24,15:55:00,-80.38,25.01,200,0.5,2.0,0,5489,5489,0.02687,147.5,0.5,0.20,1.23,29.0,,new inpeller constant; 26873/999999,,
438,WS24139,Molasses Reef,MR,,2024-05-18T15:55:00Z,5/18/24,15:55:00,-80.38,25.01,500,0.5,2.0,0,5489,5489,0.02687,147.5,0.5,0.20,1.23,29.0,,new inpeller constant; 26873/999999,,
439,WS24139,Molasses Reef,MR,,2024-05-18T15:57:00Z,5/18/24,15:57:00,-80.38,25.01,64,0.5,2.0,0,424.1,424.1,0.245,103.9,0.6,0.28,0.87,29.4,366,,,
440,WS24139,Looe Key (deep),LK,,2024-05-19T06:30:00Z,5/19/24,6:30:00,-81.413,24.538,64,0.5,2.0,0,534.5,534.5,0.245,131.0,0.6,0.28,1.09,37.0,197,,,
441,WS24139,Looe Key (deep),LK,,2024-05-19T06:33:00Z,5/19/24,6:33:00,-81.413,24.538,200,0.5,2.0,0,5208,5208,0.02687,139.9,0.5,0.20,1.17,27.5,,new inpeller constant; 26873/999999,,
442,WS24139,Looe Key (deep),LK,,2024-05-19T06:33:00Z,5/19/24,6:33:00,-81.413,24.538,500,0.5,2.0,0,5208,5208,0.02687,139.9,0.5,0.20,1.17,27.5,,new inpeller constant; 26873/999999,,
443,WS24139,Western Sambo,WS,,2024-05-19T09:18:00Z,5/19/24,9:18:00,-81.717,24.478,200,0.5,2.0,0,4588,4588,0.02687,123.3,0.5,0.20,1.03,24.2,,new inpeller constant; 26873/999999,,
444,WS24139,Western Sambo,WS,,2024-05-19T09:18:00Z,5/19/24,9:18:00,-81.717,24.478,500,0.5,2.0,0,4588,4588,0.02687,123.3,0.5,0.20,1.03,24.2,,new inpeller constant; 26873/999999,,
445,WS24139,Western Sambo,WS,,2024-05-19T09:21:00Z,5/19/24,9:21:00,-81.717,24.478,64,0.5,2.0,0,378.3,378.3,0.245,92.7,0.6,0.28,0.77,26.2,200,,,
446,WS24139,54,54,,2024-05-23T17:53:00Z,5/23/24,17:53:00,-81.1528,25.34533,64,0.5,1.0,0,303,303,0.245,74.2,0.6,0.28,1.24,21.0,307,,,
447,WS24139,57,57,,2024-05-23T19:05:00Z,5/23/24,19:05:00,-81.265,25.35167,64,0.5,2.0,0,430.1,430.1,0.245,105.4,0.6,0.28,0.88,29.8,338,,,
448,WS24205,Molasses Reef,MR,,2024-07-23T11:50:00Z,7/23/24,11:50:00,-80.38,25.01,200,0.5,2.0,0,6405,6405,0.02687,172.1,0.5,0.20,1.43,33.8,,"new inpeller constant; 26873/999999, spilled 500",,
449,WS24205,Molasses Reef,MR,,2024-07-23T11:50:00Z,7/23/24,11:50:00,-80.38,25.01,500,0.5,2.0,0,6405,6405,0.02687,172.1,0.5,0.20,1.43,33.8,,"new inpeller constant; 26873/999999, spilled 500",,
450,WS24205,Molasses Reef,MR,,2024-07-23T11:55:00Z,7/23/24,11:55:00,-80.38,25.01,64,0.5,2.0,0,422.9,422.9,0.245,103.6,0.6,0.28,0.86,29.3,336,,,
451,WS24205,Looe Key (deep),LK,,2024-07-24T02:30:00Z,7/24/24,2:30:00,-81.413,24.538,64,0.5,2.0,0,303.3,303.3,0.245,74.3,0.6,0.28,0.62,21.0,281,,,
452,WS24205,Looe Key (deep),LK,,2024-07-24T02:35:00Z,7/24/24,2:35:00,-81.413,24.538,200,0.5,2.0,0,6087,6087,0.02687,163.6,0.5,0.20,1.36,32.1,,new inpeller constant; 26873/999999,,
453,WS24205,Looe Key (deep),LK,,2024-07-24T02:35:00Z,7/24/24,2:35:00,-81.413,24.538,500,0.5,2.0,0,6087,6087,0.02687,163.6,0.5,0.20,1.36,32.1,,new inpeller constant; 26873/999999,,
454,WS24205,Western Sambo,WS,,2024-07-24T05:20:00Z,7/24/24,5:20:00,-81.717,24.478,200,0.5,2.0,0,5498,5498,0.02687,147.7,0.5,0.20,1.23,29.0,,new inpeller constant; 26873/999999,,
455,WS24205,Western Sambo,WS,,2024-07-24T05:20:00Z,7/24/24,5:20:00,-81.717,24.478,500,0.5,2.0,0,5498,5498,0.02687,147.7,0.5,0.20,1.23,29.0,,new inpeller constant; 26873/999999,,
456,WS24205,Western Sambo,WS,,2024-07-24T05:25:00Z,7/24/24,5:25:00,-81.717,24.478,64,0.5,2.0,0,532.5,532.5,0.245,130.5,0.6,0.28,1.09,36.9,307,,,
457,WS24205,54,54,,2024-07-24T23:30:00Z,7/24/24,23:30:00,-81.1528,25.34533,64,0.5,2.0,0,218.6,218.6,0.245,53.6,0.6,0.28,0.45,15.1,464,,,
458,WS24205,57,57,,2024-07-25T01:01:00Z,7/25/24,1:01:00,-81.265,25.35167,64,0.5,2.0,0,381.9,381.9,0.245,93.6,0.6,0.28,0.78,26.5,450,Sample preserved in EtOH,,
459,WS24258,Molasses Reef,MR,,2024-09-14T17:00:00Z,9/14/24,17:00:00,-80.38,25.01,200,0.5,2.0,0,5337,5337,0.02687,143.4,0.5,0.20,1.20,28.2,,to 30 m,,
460,WS24258,Molasses Reef,MR,,2024-09-14T17:00:00Z,9/14/24,17:00:00,-80.38,25.01,500,0.5,2.0,0,5337,5337,0.02687,143.4,0.5,0.20,1.20,28.2,,to 30 m,,
459,WS24205,RP1,RP1,,,,,-82.215,26.544,64,0.5,2.0,0,327.8,327.8,0.245,80.3,0.6,0.28,0.67,22.7,450,,,
460,WS24205,GP5,GP5,,,,,-82.693,26.596,64,0.5,2.0,0,280.2,280.2,0.245,68.6,0.6,0.28,0.57,19.4,536,,,
461,WS24205,BG20,BG20,,,,,-85.022,25.935,64,0.5,19.5,0,2235.3,2235.3,0.245,547.6,0.6,0.28,0.47,154.8,659,,,
462,WS24205,BG20,BG20,,,,,-85.022,25.935,64,0.5,19.5,0,2235.3,2235.3,0.245,547.6,0.6,0.28,0.47,154.8,706,,,
463,WS24258,Molasses Reef,MR,,2024-09-14T17:05:00Z,9/14/24,17:05:00,-80.38,25.01,64,0.5,2.0,0,340.5,340.5,0.245,83.4,0.6,0.28,0.70,23.6,285,to 30 m,,
464,WS24258,Looe Key (deep),LK,,2024-09-15T06:45:00Z,9/15/24,6:45:00,-81.413,24.538,64,0.5,2.0,0,238.7,238.7,0.245,58.5,0.6,0.28,0.49,16.5,185,to 30 m,,
463,WS24258,Looe Key (deep),LK,,2024-09-15T06:55:00Z,9/15/24,6:55:00,-81.413,24.538,200,0.5,2.0,0,5851,5851,0.02687,157.2,0.5,0.20,1.31,30.9,,to 30 m,,
464,WS24258,Looe Key (deep),LK,,2024-09-15T06:55:00Z,9/15/24,6:55:00,-81.413,24.538,500,0.5,2.0,0,5851,5851,0.02687,157.2,0.5,0.20,1.31,30.9,,to 30 m,,
465,WS24258,Western Sambo,WS,,2024-09-15T09:25:00Z,9/15/24,9:25:00,-81.717,24.478,200,0.5,2.0,0,4908,4908,0.02687,131.9,0.5,0.20,1.10,25.9,,to 15 m,,
466,WS24258,Western Sambo,WS,,2024-09-15T09:25:00Z,9/15/24,9:25:00,-81.717,24.478,500,0.5,2.0,0,4908,4908,0.02687,131.9,0.5,0.20,1.10,25.9,,to 15 m,,
465,WS24258,Western Sambo,WS,,2024-09-15T09:30:00Z,9/15/24,9:30:00,-81.717,24.478,64,0.5,2.0,0,391,391,0.245,95.8,0.6,0.28,0.80,27.1,300,to 15 m,,
466,WS24258,57,57,,2024-09-19T14:28:00Z,9/19/24,14:28:00,-81.265,25.35167,64,0.5,1.0,0,128.9,128.9,0.245,31.6,0.6,0.28,0.53,8.9,435,surface,,
467,WS24258,54,54,,2024-09-19T16:05:00Z,9/19/24,16:05:00,-81.1528,25.34533,64,0.5,1.0,0,164.2,164.2,0.245,40.2,0.6,0.28,0.67,11.4,220,surface,,
468,WS24314,57,57,,2024-11-10T10:15:00Z,11/10/24,10:15:00,-81.265,25.35167,64,0.5,2.0,0,61.4,61.4,0.245,15.0,0.6,0.28,0.13,4.3,,"low flow, twisted at end",,
471,WS24314,Western Sambo,WS,,2024-11-16T17:50:00Z,11/16/24,17:50:00,-81.717,24.478,200,0.5,2.0,100000,105368,5368,0.02687,144.2,0.5,0.20,1.20,28.3,,new inpeller constant; 26873/999999,,
472,WS24314,Western Sambo,WS,,2024-11-16T17:50:00Z,11/16/24,17:50:00,-81.717,24.478,500,0.5,2.0,100000,105368,5368,0.02687,144.2,0.5,0.20,1.20,28.3,,new inpeller constant; 26873/999999,,
473,WS24314,Looe Key (deep),LK,,2024-11-16T21:10:00Z,11/16/24,21:10:00,-81.413,24.538,200,0.5,2.0,100000,104220,4220,0.02687,113.4,0.5,0.20,0.94,22.3,,new inpeller constant; 26873/999999,,
474,WS24314,Looe Key (deep),LK,,2024-11-16T21:10:00Z,11/16/24,21:10:00,-81.413,24.538,500,0.5,2.0,100000,104220,4220,0.02687,113.4,0.5,0.20,0.94,22.3,,new inpeller constant; 26873/999999,,
475,WS24314,Molasses Reef,MR,,2024-11-17T15:20:00Z,11/17/24,15:20:00,-80.38,25.01,200,0.5,2.0,100000,105747,5747,0.02687,154.4,0.5,0.20,1.29,30.3,,new inpeller constant; 26873/999999,,
476,WS24314,Molasses Reef,MR,,2024-11-17T15:20:00Z,11/17/24,15:20:00,-80.38,25.01,500,0.5,2.0,100000,105747,5747,0.02687,154.4,0.5,0.20,1.29,30.3,,new inpeller constant; 26873/999999,,
469,WS25024,54,54,,2025-01-26T06:55:00Z,1/26/25,6:55:00,-81.1528,25.34533,64,0.5,2.0,0,194.2,194.2,0.245,47.6,0.6,0.28,0.40,13.5,,,,
470,WS25024,57,57,,2025-01-26T08:30:00Z,1/26/25,8:30:00,-81.265,25.35167,64,0.5,2.0,0,157.2,157.2,0.245,38.5,0.6,0.28,0.32,10.9,,,,
471,WS25024,Western Sambo,WS,,2025-01-30T11:30:00Z,1/30/25,11:30:00,-81.717,24.478,64,0.5,2.0,0,481,481,0.245,117.8,0.6,0.28,0.98,33.3,,,,
480,WS25024,Western Sambo,WS,,2025-01-30T11:30:00Z,1/30/25,11:30:00,-81.717,24.478,500,0.5,2.0,352924,358991,6067,0.02687,163.0,0.5,0.20,1.36,32.0,,,,
481,WS25024,Western Sambo,WS,,2025-01-30T11:30:00Z,1/30/25,11:30:00,-81.717,24.478,200,0.5,2.0,352924,358991,6067,0.02687,163.0,0.5,0.20,1.36,32.0,,,,
482,WS25024,Looe Key (deep),LK,,2025-01-30T13:55:00Z,1/30/25,13:55:00,-81.413,24.538,500,0.5,2.0,358991,367705,8714,0.02687,234.1,0.5,0.20,1.95,46.0,,,,
483,WS25024,Looe Key (deep),LK,,2025-01-30T13:55:00Z,1/30/25,13:55:00,-81.413,24.538,200,0.5,2.0,358991,367705,8714,0.02687,234.1,0.5,0.20,1.95,46.0,,,,
484,WS25024,Molasses Reef,MR,,2025-01-31T06:48:00Z,1/31/25,6:48:00,-80.38,25.01,500,0.5,2.0,367706,375237,7531,0.02687,202.4,0.5,0.20,1.69,39.7,,,,
485,WS25024,Molasses Reef,MR,,2025-01-31T06:48:00Z,1/31/25,6:48:00,-80.38,25.01,200,0.5,2.0,367706,375237,7531,0.02687,202.4,0.5,0.20,1.69,39.7,,,,
486,HG25083,Molasses Reef,MR,,2025-03-25T11:05:00Z,3/25/25,11:05:00,-80.38,25.01,200,0.5,2.0,37549.4,39335,1785.6,0.245,437.5,0.5,0.20,3.65,85.9,,,,
487,HG25083,Molasses Reef,MR,,2025-03-25T11:05:00Z,3/25/25,11:05:00,-80.38,25.01,500,0.5,2.0,37549.4,39335,1785.6,0.245,437.5,0.5,0.20,3.65,85.9,,,,
472,HG25083,Molasses Reef,MR,,2025-03-25T11:15:00Z,3/25/25,11:15:00,-80.38,25.01,64,0.5,2.0,0,5621,5621,0.026873,151.1,0.6,0.28,1.26,42.7,,,,
489,HG25083,Looe Key (deep),LK,,2025-03-26T03:00:00Z,3/26/25,3:00:00,-81.413,24.538,200,0.5,5.0,39334.2,40975.8,1641.6,0.245,402.2,0.5,0.20,1.34,79.0,,,,
490,HG25083,Looe Key (deep),LK,,2025-03-26T03:00:00Z,3/26/25,3:00:00,-81.413,24.538,500,0.5,5.0,39334.2,40975.8,1641.6,0.245,402.2,0.5,0.20,1.34,79.0,,,,
473,HG25083,Looe Key (deep),LK,,2025-03-26T03:10:00Z,3/26/25,3:10:00,-81.413,24.538,64,0.5,2.5,0,218,218,0.026873,5.9,0.6,0.28,0.04,1.7,,,,
492,HG25083,Western Sambo,WS,,2025-03-26T06:36:00Z,3/26/25,6:36:00,-81.717,24.478,200,0.5,2.0,40975.5,41439.7,464.2,0.245,113.7,0.5,0.20,0.95,22.3,,lots of seagrass,,
493,HG25083,Western Sambo,WS,,2025-03-26T06:36:00Z,3/26/25,6:36:00,-81.717,24.478,500,0.5,2.0,40975.5,41439.7,464.2,0.245,113.7,0.5,0.20,0.95,22.3,,lots of seagrass,,
474,HG25083,Western Sambo,WS,,2025-03-26T06:40:00Z,3/26/25,6:40:00,-81.717,24.478,64,0.5,2.0,0,1686,1686,0.026873,45.3,0.6,0.28,0.38,12.8,,lots of seagrass,,
475,HG25083,54,54,,2025-03-27T06:00:00Z,3/27/25,6:00:00,-81.1528,25.34533,64,0.5,2.0,0,1222,1222,0.026873,32.8,0.6,0.28,0.27,9.3,,sediment in tow,,
476,HG25083,57,57,,2025-03-27T06:30:00Z,3/27/25,6:30:00,-81.265,25.35167,64,0.5,2.0,0,211,211,0.026873,5.7,0.6,0.28,0.05,1.6,,,,
477,WS25130,57,57,,2025-05-11T13:30:00Z,5/11/25,13:30:00,-81.265,25.35167,64,0.5,2.0,0,4262,4262,0.026873,114.5,0.6,0.28,0.95,32.4,,,,
478,WS25130,54,54,,2025-05-11T15:05:00Z,5/11/25,15:05:00,-81.1528,25.34533,64,0.5,2.0,0,1007,1007,0.026873,27.1,0.6,0.28,0.23,7.7,,,,
499,WS25130,Western Sambo,WS,,2025-05-15T09:20:00Z,5/15/25,9:20:00,-81.717,24.478,200,0.5,2.0,53174.7,53833.4,658.7,0.245,161.4,0.5,0.20,1.34,31.7,,,,
500,WS25130,Western Sambo,WS,,2025-05-15T09:20:00Z,5/15/25,9:20:00,-81.717,24.478,500,0.5,2.0,53174.7,53833.4,658.7,0.245,161.4,0.5,0.20,1.34,31.7,,,,
479,WS25130,Western Sambo,WS,,2025-05-15T09:25:00Z,5/15/25,9:25:00,-81.717,24.478,64,0.5,2.0,0,3298,3298,0.026873,88.6,0.6,0.28,0.74,25.1,,,,
480,WS25130,Looe Key (deep),LK,,2025-05-15T15:50:00Z,5/15/25,15:50:00,-81.413,24.538,64,0.5,2.0,0,2488,2488,0.026873,66.9,0.6,0.28,0.56,18.9,,,,
503,WS25130,Looe Key (deep),LK,,2025-05-15T15:55:00Z,5/15/25,15:55:00,-81.413,24.538,200,0.5,2.0,53832.7,54373.9,541.2,0.245,132.6,0.5,0.20,1.10,26.0,,,,
504,WS25130,Looe Key (deep),LK,,2025-05-15T15:55:00Z,5/15/25,15:55:00,-81.413,24.538,500,0.5,2.0,53832.7,54373.9,541.2,0.245,132.6,0.5,0.20,1.10,26.0,,,,
505,WS25130,Molasses Reef,MR,,2025-05-16T05:25:00Z,5/16/25,5:25:00,-80.38,25.01,200,0.5,2.0,54373.9,54961.9,588,0.245,144.1,0.5,0.20,1.20,28.3,,,,
506,WS25130,Molasses Reef,MR,,2025-05-16T05:25:00Z,5/16/25,5:25:00,-80.38,25.01,500,0.5,2.0,54373.9,54961.9,588,0.245,144.1,0.5,0.20,1.20,28.3,,,,
481,WS25130,Molasses Reef,MR,,2025-05-16T05:30:00Z,5/16/25,5:30:00,-80.38,25.01,64,0.5,2.0,0,2712,2712,0.026873,72.9,0.6,0.28,0.61,20.6,,,,